,unique_id,data_folder,batch_size,max_epochs,cuda,result_folder,model_name,init_lr,weight_decay,band_pass,electrodes,sampling_rate,n_seconds_valid_set,n_seconds_test_set,data
0,wgu3HFWr2VjUWw73DB9Thg,/data/schirrmr/fiederer/nicebot/data,64,200,True,/data/schirrmr/fiederer/nicebot/results,eegnet,0.001,0,"'[None, None]'",'*',256,180,180,onlyRobotData
1,iXyrg38eVTx7S9aqkYqcrC,/data/schirrmr/fiederer/nicebot/data,64,200,True,/data/schirrmr/fiederer/nicebot/results,eegnet,0.001,0,"'[None, None]'",'*',256,180,180,onlyAux
2,o4AHZ9pAqQEhztVHfdguC6,/data/schirrmr/fiederer/nicebot/data,64,200,True,/data/schirrmr/fiederer/nicebot/results,deep4,0.001,0,"'[None, None]'",'*',256,180,180,onlyRobotData
3,t9RddtgGyGzKPt9p93Zw4a,/data/schirrmr/fiederer/nicebot/data,64,200,True,/data/schirrmr/fiederer/nicebot/results,deep4,0.001,0,"'[None, None]'",'*',256,180,180,onlyAux
4,dZRs7nzX68rEwdPPH4vvjg,/data/schirrmr/fiederer/nicebot/data,64,200,True,/data/schirrmr/fiederer/nicebot/results,resnet,0.001,0,"'[None, None]'",'*',256,180,180,onlyRobotData
5,atEXZJp74brUcaTBtm6CsT,/data/schirrmr/fiederer/nicebot/data,64,200,True,/data/schirrmr/fiederer/nicebot/results,resnet,0.001,0,"'[None, None]'",'*',256,180,180,onlyAux
6,mWhgzqsUwS9KqgsEGV9wwh,/data/schirrmr/fiederer/nicebot/data,64,200,True,/data/schirrmr/fiederer/nicebot/results,lin_reg,0.001,0,"'[None, None]'",'*',256,180,180,onlyRobotData
7,gyMBFUuCbuVRZfvy8LX7vB,/data/schirrmr/fiederer/nicebot/data,64,200,True,/data/schirrmr/fiederer/nicebot/results,lin_reg,0.001,0,"'[None, None]'",'*',256,180,180,onlyAux
8,swscLgnGb6E2TG3Y92GMXQ,/data/schirrmr/fiederer/nicebot/data,64,200,True,/data/schirrmr/fiederer/nicebot/results,lin_svr,0.001,0,"'[None, None]'",'*',256,180,180,onlyRobotData
9,rztXx3u79cBrFqEDaab2GC,/data/schirrmr/fiederer/nicebot/data,64,200,True,/data/schirrmr/fiederer/nicebot/results,lin_svr,0.001,0,"'[None, None]'",'*',256,180,180,onlyAux
10,D42QLFDRer3DRSCRjPmBhX,/data/schirrmr/fiederer/nicebot/data,64,200,True,/data/schirrmr/fiederer/nicebot/results,rbf_svr,0.001,0,"'[None, None]'",'*',256,180,180,onlyRobotData
11,qJayB6UQccjPzpHuFnYBCf,/data/schirrmr/fiederer/nicebot/data,64,200,True,/data/schirrmr/fiederer/nicebot/results,rbf_svr,0.001,0,"'[None, None]'",'*',256,180,180,onlyAux
12,wGMW3WuDuXyau4mK9JxWeD,/data/schirrmr/fiederer/nicebot/data,64,200,True,/data/schirrmr/fiederer/nicebot/results,rf_reg,0.001,0,"'[None, None]'",'*',256,180,180,onlyRobotData
13,nUSrZWycjHGnqEdjstYrkK,/data/schirrmr/fiederer/nicebot/data,64,200,True,/data/schirrmr/fiederer/nicebot/results,rf_reg,0.001,0,"'[None, None]'",'*',256,180,180,onlyAux
14,WaarJZv3RMphzKjpRrw2CM,/data/schirrmr/fiederer/nicebot/data,64,200,True,/data/schirrmr/fiederer/nicebot/results,eegnet,0.001,0,"'[None, None]'",'*',256,180,180,onlyEEGData
15,EPThQSYCU4Zmo2SbggAe8G,/data/schirrmr/fiederer/nicebot/data,64,200,True,/data/schirrmr/fiederer/nicebot/results,eegnet,0.001,0,"'[None, None]'",'*',256,180,180,RobotEEGAux
16,m3PnTg6AtquAT4VxDxdvZR,/data/schirrmr/fiederer/nicebot/data,64,200,True,/data/schirrmr/fiederer/nicebot/results,eegnet,0.001,0,"'[None, None]'",'*',256,180,180,RobotEEG
17,STKfnu6v6ZBquDd7XPF7od,/data/schirrmr/fiederer/nicebot/data,64,200,True,/data/schirrmr/fiederer/nicebot/results,eegnet,0.001,0,"'[None, None]'",'*z',256,180,180,onlyEEGData
18,yArE2R8obWvhRZ4svTnoPB,/data/schirrmr/fiederer/nicebot/data,64,200,True,/data/schirrmr/fiederer/nicebot/results,eegnet,0.001,0,"'[None, None]'",'*z',256,180,180,RobotEEGAux
19,vvdDbeWdPu3grAN9kof7tZ,/data/schirrmr/fiederer/nicebot/data,64,200,True,/data/schirrmr/fiederer/nicebot/results,eegnet,0.001,0,"'[None, None]'",'*z',256,180,180,RobotEEG
20,7rjKU6w2LWt32T6eynsuQQ,/data/schirrmr/fiederer/nicebot/data,64,200,True,/data/schirrmr/fiederer/nicebot/results,eegnet,0.001,0,"'[None, None]'",'*C*',256,180,180,onlyEEGData
21,UgieaX7XYFRxQNZY8rxGJV,/data/schirrmr/fiederer/nicebot/data,64,200,True,/data/schirrmr/fiederer/nicebot/results,eegnet,0.001,0,"'[None, None]'",'*C*',256,180,180,RobotEEGAux
22,P9juuB87NZqdCNw4oQ8mmD,/data/schirrmr/fiederer/nicebot/data,64,200,True,/data/schirrmr/fiederer/nicebot/results,eegnet,0.001,0,"'[None, None]'",'*C*',256,180,180,RobotEEG
23,Xfbhyhk77UMjGoy3uTwkUB,/data/schirrmr/fiederer/nicebot/data,64,200,True,/data/schirrmr/fiederer/nicebot/results,eegnet,0.001,0,"'[0, 4]'",'*',256,180,180,onlyEEGData
24,FLrnCbCgnJ7q4gcwChAzeV,/data/schirrmr/fiederer/nicebot/data,64,200,True,/data/schirrmr/fiederer/nicebot/results,eegnet,0.001,0,"'[0, 4]'",'*',256,180,180,RobotEEGAux
25,fKvkr5j3VCQy5VxEKxi9pS,/data/schirrmr/fiederer/nicebot/data,64,200,True,/data/schirrmr/fiederer/nicebot/results,eegnet,0.001,0,"'[0, 4]'",'*',256,180,180,RobotEEG
26,AntuXZTL4dWSvoCZdYfKBg,/data/schirrmr/fiederer/nicebot/data,64,200,True,/data/schirrmr/fiederer/nicebot/results,eegnet,0.001,0,"'[0, 4]'",'*z',256,180,180,onlyEEGData
27,mRkGZTYpttorpHU4kXgMBf,/data/schirrmr/fiederer/nicebot/data,64,200,True,/data/schirrmr/fiederer/nicebot/results,eegnet,0.001,0,"'[0, 4]'",'*z',256,180,180,RobotEEGAux
28,foQhYaU673XcojLsaUBdrM,/data/schirrmr/fiederer/nicebot/data,64,200,True,/data/schirrmr/fiederer/nicebot/results,eegnet,0.001,0,"'[0, 4]'",'*z',256,180,180,RobotEEG
29,LevigRTzLgtW3WV8cmwbbE,/data/schirrmr/fiederer/nicebot/data,64,200,True,/data/schirrmr/fiederer/nicebot/results,eegnet,0.001,0,"'[0, 4]'",'*C*',256,180,180,onlyEEGData
30,sThVoTC5Z6izsLSue5hfNP,/data/schirrmr/fiederer/nicebot/data,64,200,True,/data/schirrmr/fiederer/nicebot/results,eegnet,0.001,0,"'[0, 4]'",'*C*',256,180,180,RobotEEGAux
31,7wMq8TMuYtzcE2W5Yv37Dn,/data/schirrmr/fiederer/nicebot/data,64,200,True,/data/schirrmr/fiederer/nicebot/results,eegnet,0.001,0,"'[0, 4]'",'*C*',256,180,180,RobotEEG
32,U9kNixrEtUgzwaTwVt24V7,/data/schirrmr/fiederer/nicebot/data,64,200,True,/data/schirrmr/fiederer/nicebot/results,eegnet,0.001,0,"'[4, 8]'",'*',256,180,180,onlyEEGData
33,wc4k5t3PpxysnktJ8ry9Q4,/data/schirrmr/fiederer/nicebot/data,64,200,True,/data/schirrmr/fiederer/nicebot/results,eegnet,0.001,0,"'[4, 8]'",'*',256,180,180,RobotEEGAux
34,XZSXpCguVQ44nVb9zkHcVB,/data/schirrmr/fiederer/nicebot/data,64,200,True,/data/schirrmr/fiederer/nicebot/results,eegnet,0.001,0,"'[4, 8]'",'*',256,180,180,RobotEEG
35,2HQZcrc9ur7Kx9U2KtVQPW,/data/schirrmr/fiederer/nicebot/data,64,200,True,/data/schirrmr/fiederer/nicebot/results,eegnet,0.001,0,"'[4, 8]'",'*z',256,180,180,onlyEEGData
36,hLiTvdvyqedUCCHFMauXVg,/data/schirrmr/fiederer/nicebot/data,64,200,True,/data/schirrmr/fiederer/nicebot/results,eegnet,0.001,0,"'[4, 8]'",'*z',256,180,180,RobotEEGAux
37,6YFrwuY4iyKPxbdb7aNkdR,/data/schirrmr/fiederer/nicebot/data,64,200,True,/data/schirrmr/fiederer/nicebot/results,eegnet,0.001,0,"'[4, 8]'",'*z',256,180,180,RobotEEG
38,KuQmkUKdzZ9PbaARmRQPxQ,/data/schirrmr/fiederer/nicebot/data,64,200,True,/data/schirrmr/fiederer/nicebot/results,eegnet,0.001,0,"'[4, 8]'",'*C*',256,180,180,onlyEEGData
39,N96ANMEHzy2BCNwJGuGLNo,/data/schirrmr/fiederer/nicebot/data,64,200,True,/data/schirrmr/fiederer/nicebot/results,eegnet,0.001,0,"'[4, 8]'",'*C*',256,180,180,RobotEEGAux
40,roEdHTMmjyPJSeipL4kAtZ,/data/schirrmr/fiederer/nicebot/data,64,200,True,/data/schirrmr/fiederer/nicebot/results,eegnet,0.001,0,"'[4, 8]'",'*C*',256,180,180,RobotEEG
41,9SABBdZLhjqnqkXeczc7K6,/data/schirrmr/fiederer/nicebot/data,64,200,True,/data/schirrmr/fiederer/nicebot/results,eegnet,0.001,0,"'[8, 14]'",'*',256,180,180,onlyEEGData
42,AmpjkVwNcUCzauNTHTzeaU,/data/schirrmr/fiederer/nicebot/data,64,200,True,/data/schirrmr/fiederer/nicebot/results,eegnet,0.001,0,"'[8, 14]'",'*',256,180,180,RobotEEGAux
43,ycTEWGKXri8fGbCPk4VDhX,/data/schirrmr/fiederer/nicebot/data,64,200,True,/data/schirrmr/fiederer/nicebot/results,eegnet,0.001,0,"'[8, 14]'",'*',256,180,180,RobotEEG
44,mhzebpZW7j98ygH5yCGPfd,/data/schirrmr/fiederer/nicebot/data,64,200,True,/data/schirrmr/fiederer/nicebot/results,eegnet,0.001,0,"'[8, 14]'",'*z',256,180,180,onlyEEGData
45,vM3QXpvxDdkRVEwaEuHdLK,/data/schirrmr/fiederer/nicebot/data,64,200,True,/data/schirrmr/fiederer/nicebot/results,eegnet,0.001,0,"'[8, 14]'",'*z',256,180,180,RobotEEGAux
46,Rk6yxQQWmXLU5TRFr3YdKb,/data/schirrmr/fiederer/nicebot/data,64,200,True,/data/schirrmr/fiederer/nicebot/results,eegnet,0.001,0,"'[8, 14]'",'*z',256,180,180,RobotEEG
47,eU8rQHSjKY8GbWyrNDJbg8,/data/schirrmr/fiederer/nicebot/data,64,200,True,/data/schirrmr/fiederer/nicebot/results,eegnet,0.001,0,"'[8, 14]'",'*C*',256,180,180,onlyEEGData
48,5FB8FQUphWHzQJNr5av2YF,/data/schirrmr/fiederer/nicebot/data,64,200,True,/data/schirrmr/fiederer/nicebot/results,eegnet,0.001,0,"'[8, 14]'",'*C*',256,180,180,RobotEEGAux
49,LZmYLL5rvzJoLZhW3owgQS,/data/schirrmr/fiederer/nicebot/data,64,200,True,/data/schirrmr/fiederer/nicebot/results,eegnet,0.001,0,"'[8, 14]'",'*C*',256,180,180,RobotEEG
50,G3Bfr2Bw9D8WtTR7H82qvA,/data/schirrmr/fiederer/nicebot/data,64,200,True,/data/schirrmr/fiederer/nicebot/results,eegnet,0.001,0,"'[14, 20]'",'*',256,180,180,onlyEEGData
51,Yg9cZvH53f3y9kf5gzvEdj,/data/schirrmr/fiederer/nicebot/data,64,200,True,/data/schirrmr/fiederer/nicebot/results,eegnet,0.001,0,"'[14, 20]'",'*',256,180,180,RobotEEGAux
52,8FE6KKkocTtf7422kMxYSY,/data/schirrmr/fiederer/nicebot/data,64,200,True,/data/schirrmr/fiederer/nicebot/results,eegnet,0.001,0,"'[14, 20]'",'*',256,180,180,RobotEEG
53,xxPdJhfmcJvVsDR9EBzwB6,/data/schirrmr/fiederer/nicebot/data,64,200,True,/data/schirrmr/fiederer/nicebot/results,eegnet,0.001,0,"'[14, 20]'",'*z',256,180,180,onlyEEGData
54,KQ9SGL8kbNj3kp7uJrcsxG,/data/schirrmr/fiederer/nicebot/data,64,200,True,/data/schirrmr/fiederer/nicebot/results,eegnet,0.001,0,"'[14, 20]'",'*z',256,180,180,RobotEEGAux
55,d9CaHjJLNcBjRz8VVJ9EnJ,/data/schirrmr/fiederer/nicebot/data,64,200,True,/data/schirrmr/fiederer/nicebot/results,eegnet,0.001,0,"'[14, 20]'",'*z',256,180,180,RobotEEG
56,mUNFvCvdYff2mjGMHfmjsK,/data/schirrmr/fiederer/nicebot/data,64,200,True,/data/schirrmr/fiederer/nicebot/results,eegnet,0.001,0,"'[14, 20]'",'*C*',256,180,180,onlyEEGData
57,JxVUeMqAmzsujS3PX2rGke,/data/schirrmr/fiederer/nicebot/data,64,200,True,/data/schirrmr/fiederer/nicebot/results,eegnet,0.001,0,"'[14, 20]'",'*C*',256,180,180,RobotEEGAux
58,t7BTTkBwuN8fJJ79gnpyie,/data/schirrmr/fiederer/nicebot/data,64,200,True,/data/schirrmr/fiederer/nicebot/results,eegnet,0.001,0,"'[14, 20]'",'*C*',256,180,180,RobotEEG
59,XiSa4yzwJRsZ3wYDEYJWac,/data/schirrmr/fiederer/nicebot/data,64,200,True,/data/schirrmr/fiederer/nicebot/results,eegnet,0.001,0,"'[20, 30]'",'*',256,180,180,onlyEEGData
60,QSmpZEJJWFJ8okn4k3rXWJ,/data/schirrmr/fiederer/nicebot/data,64,200,True,/data/schirrmr/fiederer/nicebot/results,eegnet,0.001,0,"'[20, 30]'",'*',256,180,180,RobotEEGAux
61,X7CKxXaVmxaKb2KZFTXCZ7,/data/schirrmr/fiederer/nicebot/data,64,200,True,/data/schirrmr/fiederer/nicebot/results,eegnet,0.001,0,"'[20, 30]'",'*',256,180,180,RobotEEG
62,Bd6vHF4UfNRmDW9C2kHTMd,/data/schirrmr/fiederer/nicebot/data,64,200,True,/data/schirrmr/fiederer/nicebot/results,eegnet,0.001,0,"'[20, 30]'",'*z',256,180,180,onlyEEGData
63,6LR5orQPReprimLXKpLKVK,/data/schirrmr/fiederer/nicebot/data,64,200,True,/data/schirrmr/fiederer/nicebot/results,eegnet,0.001,0,"'[20, 30]'",'*z',256,180,180,RobotEEGAux
64,QCNKa8qqeHUcHHHvoCNWPB,/data/schirrmr/fiederer/nicebot/data,64,200,True,/data/schirrmr/fiederer/nicebot/results,eegnet,0.001,0,"'[20, 30]'",'*z',256,180,180,RobotEEG
65,df55EuWzsSjJBEwRAemFBF,/data/schirrmr/fiederer/nicebot/data,64,200,True,/data/schirrmr/fiederer/nicebot/results,eegnet,0.001,0,"'[20, 30]'",'*C*',256,180,180,onlyEEGData
66,aYL6rDqcvu3hADZMwepmLW,/data/schirrmr/fiederer/nicebot/data,64,200,True,/data/schirrmr/fiederer/nicebot/results,eegnet,0.001,0,"'[20, 30]'",'*C*',256,180,180,RobotEEGAux
67,S4CsqV5BfNTS2qJ6kWNxWa,/data/schirrmr/fiederer/nicebot/data,64,200,True,/data/schirrmr/fiederer/nicebot/results,eegnet,0.001,0,"'[20, 30]'",'*C*',256,180,180,RobotEEG
68,e3D3dxU4PHEbSXyLUGswtA,/data/schirrmr/fiederer/nicebot/data,64,200,True,/data/schirrmr/fiederer/nicebot/results,eegnet,0.001,0,"'[30, 40]'",'*',256,180,180,onlyEEGData
69,YxXhVTBdB6S8rqHiTwNnXY,/data/schirrmr/fiederer/nicebot/data,64,200,True,/data/schirrmr/fiederer/nicebot/results,eegnet,0.001,0,"'[30, 40]'",'*',256,180,180,RobotEEGAux
70,GjPSuJiEBXsZe93QDZiUwD,/data/schirrmr/fiederer/nicebot/data,64,200,True,/data/schirrmr/fiederer/nicebot/results,eegnet,0.001,0,"'[30, 40]'",'*',256,180,180,RobotEEG
71,Fm3miGa6LTXVExhuqHzdXh,/data/schirrmr/fiederer/nicebot/data,64,200,True,/data/schirrmr/fiederer/nicebot/results,eegnet,0.001,0,"'[30, 40]'",'*z',256,180,180,onlyEEGData
72,CowNFcTfxE4oJgMRRDZcw6,/data/schirrmr/fiederer/nicebot/data,64,200,True,/data/schirrmr/fiederer/nicebot/results,eegnet,0.001,0,"'[30, 40]'",'*z',256,180,180,RobotEEGAux
73,VS4Zz9aXaZXdphgk6a8UW5,/data/schirrmr/fiederer/nicebot/data,64,200,True,/data/schirrmr/fiederer/nicebot/results,eegnet,0.001,0,"'[30, 40]'",'*z',256,180,180,RobotEEG
74,rNyT9V2jgS9m4H5xVBuD3D,/data/schirrmr/fiederer/nicebot/data,64,200,True,/data/schirrmr/fiederer/nicebot/results,eegnet,0.001,0,"'[30, 40]'",'*C*',256,180,180,onlyEEGData
75,Wvp8fWrz5PxGbso4DjSc3Z,/data/schirrmr/fiederer/nicebot/data,64,200,True,/data/schirrmr/fiederer/nicebot/results,eegnet,0.001,0,"'[30, 40]'",'*C*',256,180,180,RobotEEGAux
76,4gB3SRtLGMJJit42rZh2Zn,/data/schirrmr/fiederer/nicebot/data,64,200,True,/data/schirrmr/fiederer/nicebot/results,eegnet,0.001,0,"'[30, 40]'",'*C*',256,180,180,RobotEEG
77,3nhEcXAsnWRJbo6cK8hafC,/data/schirrmr/fiederer/nicebot/data,64,200,True,/data/schirrmr/fiederer/nicebot/results,deep4,0.001,0,"'[None, None]'",'*',256,180,180,onlyEEGData
78,S7Vsri4brBMh2gUvPAd2YC,/data/schirrmr/fiederer/nicebot/data,64,200,True,/data/schirrmr/fiederer/nicebot/results,deep4,0.001,0,"'[None, None]'",'*',256,180,180,RobotEEGAux
79,DDjSrfmc9VVW4eN9arCCU8,/data/schirrmr/fiederer/nicebot/data,64,200,True,/data/schirrmr/fiederer/nicebot/results,deep4,0.001,0,"'[None, None]'",'*',256,180,180,RobotEEG
80,6RGb9F7tRbANurb7TKuSAL,/data/schirrmr/fiederer/nicebot/data,64,200,True,/data/schirrmr/fiederer/nicebot/results,deep4,0.001,0,"'[None, None]'",'*z',256,180,180,onlyEEGData
81,xuL7Q6HroRTNt5h48Mr2x2,/data/schirrmr/fiederer/nicebot/data,64,200,True,/data/schirrmr/fiederer/nicebot/results,deep4,0.001,0,"'[None, None]'",'*z',256,180,180,RobotEEGAux
82,vQ8BQ7ukLHbKWKLK4RqdHJ,/data/schirrmr/fiederer/nicebot/data,64,200,True,/data/schirrmr/fiederer/nicebot/results,deep4,0.001,0,"'[None, None]'",'*z',256,180,180,RobotEEG
83,7cnYW5DHa5CHdXW5imjiHV,/data/schirrmr/fiederer/nicebot/data,64,200,True,/data/schirrmr/fiederer/nicebot/results,deep4,0.001,0,"'[None, None]'",'*C*',256,180,180,onlyEEGData
84,wRsj5phQi7j8RRgB9TZqtN,/data/schirrmr/fiederer/nicebot/data,64,200,True,/data/schirrmr/fiederer/nicebot/results,deep4,0.001,0,"'[None, None]'",'*C*',256,180,180,RobotEEGAux
85,AFEAnja4A4LFyefM2vAmTD,/data/schirrmr/fiederer/nicebot/data,64,200,True,/data/schirrmr/fiederer/nicebot/results,deep4,0.001,0,"'[None, None]'",'*C*',256,180,180,RobotEEG
86,fzrW7shzme6fkeT9EXe69F,/data/schirrmr/fiederer/nicebot/data,64,200,True,/data/schirrmr/fiederer/nicebot/results,deep4,0.001,0,"'[0, 4]'",'*',256,180,180,onlyEEGData
87,6f7bdWJNzLxJn7GEcHYQLj,/data/schirrmr/fiederer/nicebot/data,64,200,True,/data/schirrmr/fiederer/nicebot/results,deep4,0.001,0,"'[0, 4]'",'*',256,180,180,RobotEEGAux
88,NYCe92Wa9preh3ByTJ8fZb,/data/schirrmr/fiederer/nicebot/data,64,200,True,/data/schirrmr/fiederer/nicebot/results,deep4,0.001,0,"'[0, 4]'",'*',256,180,180,RobotEEG
89,KcszuF5EdDLEY9XHiXWC5S,/data/schirrmr/fiederer/nicebot/data,64,200,True,/data/schirrmr/fiederer/nicebot/results,deep4,0.001,0,"'[0, 4]'",'*z',256,180,180,onlyEEGData
90,dn9b7b39nzuhTXxRzq8NNM,/data/schirrmr/fiederer/nicebot/data,64,200,True,/data/schirrmr/fiederer/nicebot/results,deep4,0.001,0,"'[0, 4]'",'*z',256,180,180,RobotEEGAux
91,5jsbSkiRQaRG9PnKhukm5N,/data/schirrmr/fiederer/nicebot/data,64,200,True,/data/schirrmr/fiederer/nicebot/results,deep4,0.001,0,"'[0, 4]'",'*z',256,180,180,RobotEEG
92,Bwn6Vtap9omDuUNwyMW4Jf,/data/schirrmr/fiederer/nicebot/data,64,200,True,/data/schirrmr/fiederer/nicebot/results,deep4,0.001,0,"'[0, 4]'",'*C*',256,180,180,onlyEEGData
93,uPrxB4QThPrPns5M4iULWf,/data/schirrmr/fiederer/nicebot/data,64,200,True,/data/schirrmr/fiederer/nicebot/results,deep4,0.001,0,"'[0, 4]'",'*C*',256,180,180,RobotEEGAux
94,39o9WXYfD7Z7dYuSR7MFJN,/data/schirrmr/fiederer/nicebot/data,64,200,True,/data/schirrmr/fiederer/nicebot/results,deep4,0.001,0,"'[0, 4]'",'*C*',256,180,180,RobotEEG
95,CcsuJ9WYbqhZvysK2d3844,/data/schirrmr/fiederer/nicebot/data,64,200,True,/data/schirrmr/fiederer/nicebot/results,deep4,0.001,0,"'[4, 8]'",'*',256,180,180,onlyEEGData
96,7WiLYhxkSQfPYdnf56hYGC,/data/schirrmr/fiederer/nicebot/data,64,200,True,/data/schirrmr/fiederer/nicebot/results,deep4,0.001,0,"'[4, 8]'",'*',256,180,180,RobotEEGAux
97,ryprSsLXD97wmHzvaNgtDS,/data/schirrmr/fiederer/nicebot/data,64,200,True,/data/schirrmr/fiederer/nicebot/results,deep4,0.001,0,"'[4, 8]'",'*',256,180,180,RobotEEG
98,eVN2LFyzZeDq8KPnGxVK5R,/data/schirrmr/fiederer/nicebot/data,64,200,True,/data/schirrmr/fiederer/nicebot/results,deep4,0.001,0,"'[4, 8]'",'*z',256,180,180,onlyEEGData
99,4VmM7jRUpcDH7KLCTXuzV4,/data/schirrmr/fiederer/nicebot/data,64,200,True,/data/schirrmr/fiederer/nicebot/results,deep4,0.001,0,"'[4, 8]'",'*z',256,180,180,RobotEEGAux
100,ecG7Uy5tVK3TFkxX4Ceqzd,/data/schirrmr/fiederer/nicebot/data,64,200,True,/data/schirrmr/fiederer/nicebot/results,deep4,0.001,0,"'[4, 8]'",'*z',256,180,180,RobotEEG
101,YcNftydaovPhopXaQHJakD,/data/schirrmr/fiederer/nicebot/data,64,200,True,/data/schirrmr/fiederer/nicebot/results,deep4,0.001,0,"'[4, 8]'",'*C*',256,180,180,onlyEEGData
102,FZjcRSnKGdLwnZVUNCgT4W,/data/schirrmr/fiederer/nicebot/data,64,200,True,/data/schirrmr/fiederer/nicebot/results,deep4,0.001,0,"'[4, 8]'",'*C*',256,180,180,RobotEEGAux
103,tW5DEvCALyNtnQBui4V86m,/data/schirrmr/fiederer/nicebot/data,64,200,True,/data/schirrmr/fiederer/nicebot/results,deep4,0.001,0,"'[4, 8]'",'*C*',256,180,180,RobotEEG
104,shUkbnLQ9Lrv9EACrpWFoM,/data/schirrmr/fiederer/nicebot/data,64,200,True,/data/schirrmr/fiederer/nicebot/results,deep4,0.001,0,"'[8, 14]'",'*',256,180,180,onlyEEGData
105,n8xTaZv3sKV434cRQTZQrV,/data/schirrmr/fiederer/nicebot/data,64,200,True,/data/schirrmr/fiederer/nicebot/results,deep4,0.001,0,"'[8, 14]'",'*',256,180,180,RobotEEGAux
106,tF8mmfymfpZiHEZFEepc3h,/data/schirrmr/fiederer/nicebot/data,64,200,True,/data/schirrmr/fiederer/nicebot/results,deep4,0.001,0,"'[8, 14]'",'*',256,180,180,RobotEEG
107,LELhvdGjJFydy5GFWkGrU7,/data/schirrmr/fiederer/nicebot/data,64,200,True,/data/schirrmr/fiederer/nicebot/results,deep4,0.001,0,"'[8, 14]'",'*z',256,180,180,onlyEEGData
108,cSqxCNZebwtQLb26LW2yGk,/data/schirrmr/fiederer/nicebot/data,64,200,True,/data/schirrmr/fiederer/nicebot/results,deep4,0.001,0,"'[8, 14]'",'*z',256,180,180,RobotEEGAux
109,kEPih65nCydfzQAZQea6oi,/data/schirrmr/fiederer/nicebot/data,64,200,True,/data/schirrmr/fiederer/nicebot/results,deep4,0.001,0,"'[8, 14]'",'*z',256,180,180,RobotEEG
110,euiiBbT2V5aAFDv6pWinBD,/data/schirrmr/fiederer/nicebot/data,64,200,True,/data/schirrmr/fiederer/nicebot/results,deep4,0.001,0,"'[8, 14]'",'*C*',256,180,180,onlyEEGData
111,Z2xPABhh6sYzqhKbQ2JADg,/data/schirrmr/fiederer/nicebot/data,64,200,True,/data/schirrmr/fiederer/nicebot/results,deep4,0.001,0,"'[8, 14]'",'*C*',256,180,180,RobotEEGAux
112,jUsxdEbYqaqpVrBSmSBac6,/data/schirrmr/fiederer/nicebot/data,64,200,True,/data/schirrmr/fiederer/nicebot/results,deep4,0.001,0,"'[8, 14]'",'*C*',256,180,180,RobotEEG
113,QDTRzeQzxYAHjd24ZDhqg3,/data/schirrmr/fiederer/nicebot/data,64,200,True,/data/schirrmr/fiederer/nicebot/results,deep4,0.001,0,"'[14, 20]'",'*',256,180,180,onlyEEGData
114,nBftbShAu36CN5XSuXdF2B,/data/schirrmr/fiederer/nicebot/data,64,200,True,/data/schirrmr/fiederer/nicebot/results,deep4,0.001,0,"'[14, 20]'",'*',256,180,180,RobotEEGAux
115,XrwBUrpwmKLtx9onPcSzJA,/data/schirrmr/fiederer/nicebot/data,64,200,True,/data/schirrmr/fiederer/nicebot/results,deep4,0.001,0,"'[14, 20]'",'*',256,180,180,RobotEEG
116,rodkHTjwD6jViGLjd2UbSW,/data/schirrmr/fiederer/nicebot/data,64,200,True,/data/schirrmr/fiederer/nicebot/results,deep4,0.001,0,"'[14, 20]'",'*z',256,180,180,onlyEEGData
117,Gw2CDjdpEaTNav8xwfefPJ,/data/schirrmr/fiederer/nicebot/data,64,200,True,/data/schirrmr/fiederer/nicebot/results,deep4,0.001,0,"'[14, 20]'",'*z',256,180,180,RobotEEGAux
118,igQGKWBp84hH2y5YWXN4WK,/data/schirrmr/fiederer/nicebot/data,64,200,True,/data/schirrmr/fiederer/nicebot/results,deep4,0.001,0,"'[14, 20]'",'*z',256,180,180,RobotEEG
119,tygJkzbgdYxAvRJCtxS6cn,/data/schirrmr/fiederer/nicebot/data,64,200,True,/data/schirrmr/fiederer/nicebot/results,deep4,0.001,0,"'[14, 20]'",'*C*',256,180,180,onlyEEGData
120,kNqzGC39yiJ82RmYjLCiCm,/data/schirrmr/fiederer/nicebot/data,64,200,True,/data/schirrmr/fiederer/nicebot/results,deep4,0.001,0,"'[14, 20]'",'*C*',256,180,180,RobotEEGAux
121,fRCPuA2C2gTwYGRPUUvoUH,/data/schirrmr/fiederer/nicebot/data,64,200,True,/data/schirrmr/fiederer/nicebot/results,deep4,0.001,0,"'[14, 20]'",'*C*',256,180,180,RobotEEG
122,nLd8osju9jTVeHEapwUczH,/data/schirrmr/fiederer/nicebot/data,64,200,True,/data/schirrmr/fiederer/nicebot/results,deep4,0.001,0,"'[20, 30]'",'*',256,180,180,onlyEEGData
123,2kTBvCP4A8aoCdnGvLi8d9,/data/schirrmr/fiederer/nicebot/data,64,200,True,/data/schirrmr/fiederer/nicebot/results,deep4,0.001,0,"'[20, 30]'",'*',256,180,180,RobotEEGAux
124,dYvtdEKLDsoAvypinrHLUi,/data/schirrmr/fiederer/nicebot/data,64,200,True,/data/schirrmr/fiederer/nicebot/results,deep4,0.001,0,"'[20, 30]'",'*',256,180,180,RobotEEG
125,ayX6YiKGGjB68aWnYkgXcD,/data/schirrmr/fiederer/nicebot/data,64,200,True,/data/schirrmr/fiederer/nicebot/results,deep4,0.001,0,"'[20, 30]'",'*z',256,180,180,onlyEEGData
126,KYuGUZjBEhsSrwTHNNYGim,/data/schirrmr/fiederer/nicebot/data,64,200,True,/data/schirrmr/fiederer/nicebot/results,deep4,0.001,0,"'[20, 30]'",'*z',256,180,180,RobotEEGAux
127,ZdUhYJcXFNgqXLoHZmNZET,/data/schirrmr/fiederer/nicebot/data,64,200,True,/data/schirrmr/fiederer/nicebot/results,deep4,0.001,0,"'[20, 30]'",'*z',256,180,180,RobotEEG
128,ngQknnUmPVBT2E2NN5LBQK,/data/schirrmr/fiederer/nicebot/data,64,200,True,/data/schirrmr/fiederer/nicebot/results,deep4,0.001,0,"'[20, 30]'",'*C*',256,180,180,onlyEEGData
129,ubN2tBjn8sYFNSXBPuUJnL,/data/schirrmr/fiederer/nicebot/data,64,200,True,/data/schirrmr/fiederer/nicebot/results,deep4,0.001,0,"'[20, 30]'",'*C*',256,180,180,RobotEEGAux
130,TPyRpgNmT6QUsFZKFdvzsh,/data/schirrmr/fiederer/nicebot/data,64,200,True,/data/schirrmr/fiederer/nicebot/results,deep4,0.001,0,"'[20, 30]'",'*C*',256,180,180,RobotEEG
131,n8wUcMKzfeRA6SQQgJdtpH,/data/schirrmr/fiederer/nicebot/data,64,200,True,/data/schirrmr/fiederer/nicebot/results,deep4,0.001,0,"'[30, 40]'",'*',256,180,180,onlyEEGData
132,T8QsU4g8eSE8e9h5hVQUM2,/data/schirrmr/fiederer/nicebot/data,64,200,True,/data/schirrmr/fiederer/nicebot/results,deep4,0.001,0,"'[30, 40]'",'*',256,180,180,RobotEEGAux
133,a3WSmREmPB7eciVFtgPbCn,/data/schirrmr/fiederer/nicebot/data,64,200,True,/data/schirrmr/fiederer/nicebot/results,deep4,0.001,0,"'[30, 40]'",'*',256,180,180,RobotEEG
134,xdWQu9EHLCyzYDE4Lquuoj,/data/schirrmr/fiederer/nicebot/data,64,200,True,/data/schirrmr/fiederer/nicebot/results,deep4,0.001,0,"'[30, 40]'",'*z',256,180,180,onlyEEGData
135,D5wJwkav5Q2us5syYmiM86,/data/schirrmr/fiederer/nicebot/data,64,200,True,/data/schirrmr/fiederer/nicebot/results,deep4,0.001,0,"'[30, 40]'",'*z',256,180,180,RobotEEGAux
136,VjdjYqjG5u26kyuVz3pX69,/data/schirrmr/fiederer/nicebot/data,64,200,True,/data/schirrmr/fiederer/nicebot/results,deep4,0.001,0,"'[30, 40]'",'*z',256,180,180,RobotEEG
137,Z5iNss4uiy8q8XC2uGHERn,/data/schirrmr/fiederer/nicebot/data,64,200,True,/data/schirrmr/fiederer/nicebot/results,deep4,0.001,0,"'[30, 40]'",'*C*',256,180,180,onlyEEGData
138,ZEcE3UPuEqbgmkpiCBmwZU,/data/schirrmr/fiederer/nicebot/data,64,200,True,/data/schirrmr/fiederer/nicebot/results,deep4,0.001,0,"'[30, 40]'",'*C*',256,180,180,RobotEEGAux
139,aJA7FJEbRL3DRKbCTxvEDP,/data/schirrmr/fiederer/nicebot/data,64,200,True,/data/schirrmr/fiederer/nicebot/results,deep4,0.001,0,"'[30, 40]'",'*C*',256,180,180,RobotEEG
140,6ZHQsEjTr7crZpb5NysWJV,/data/schirrmr/fiederer/nicebot/data,64,200,True,/data/schirrmr/fiederer/nicebot/results,resnet,0.001,0,"'[None, None]'",'*',256,180,180,onlyEEGData
141,V2qMjUNmjoMMNjDTfeGU54,/data/schirrmr/fiederer/nicebot/data,64,200,True,/data/schirrmr/fiederer/nicebot/results,resnet,0.001,0,"'[None, None]'",'*',256,180,180,RobotEEGAux
142,xqTxrXbVjGvYU8VGMmVkKZ,/data/schirrmr/fiederer/nicebot/data,64,200,True,/data/schirrmr/fiederer/nicebot/results,resnet,0.001,0,"'[None, None]'",'*',256,180,180,RobotEEG
143,iy9GUf8XJKGSu7gG3kHVUj,/data/schirrmr/fiederer/nicebot/data,64,200,True,/data/schirrmr/fiederer/nicebot/results,resnet,0.001,0,"'[None, None]'",'*z',256,180,180,onlyEEGData
144,bwpwLimRdQVvHxiw7PawZW,/data/schirrmr/fiederer/nicebot/data,64,200,True,/data/schirrmr/fiederer/nicebot/results,resnet,0.001,0,"'[None, None]'",'*z',256,180,180,RobotEEGAux
145,g5tCZkiTwBbWATGVb9BwVP,/data/schirrmr/fiederer/nicebot/data,64,200,True,/data/schirrmr/fiederer/nicebot/results,resnet,0.001,0,"'[None, None]'",'*z',256,180,180,RobotEEG
146,vDxHmbwK4aS7YXxvsexxkH,/data/schirrmr/fiederer/nicebot/data,64,200,True,/data/schirrmr/fiederer/nicebot/results,resnet,0.001,0,"'[None, None]'",'*C*',256,180,180,onlyEEGData
147,cpbvFbyhJq5PW4aLxcEnCB,/data/schirrmr/fiederer/nicebot/data,64,200,True,/data/schirrmr/fiederer/nicebot/results,resnet,0.001,0,"'[None, None]'",'*C*',256,180,180,RobotEEGAux
148,Eo5k8LF9CFoboBB9JSfLTC,/data/schirrmr/fiederer/nicebot/data,64,200,True,/data/schirrmr/fiederer/nicebot/results,resnet,0.001,0,"'[None, None]'",'*C*',256,180,180,RobotEEG
149,LyJvJcTKwXCMcraFie7Qf8,/data/schirrmr/fiederer/nicebot/data,64,200,True,/data/schirrmr/fiederer/nicebot/results,resnet,0.001,0,"'[0, 4]'",'*',256,180,180,onlyEEGData
150,WfPJU3yCaJ9oMYQWgj4zne,/data/schirrmr/fiederer/nicebot/data,64,200,True,/data/schirrmr/fiederer/nicebot/results,resnet,0.001,0,"'[0, 4]'",'*',256,180,180,RobotEEGAux
151,ihjFtFUUMYj2GCdAjptuxS,/data/schirrmr/fiederer/nicebot/data,64,200,True,/data/schirrmr/fiederer/nicebot/results,resnet,0.001,0,"'[0, 4]'",'*',256,180,180,RobotEEG
152,SRZiyR6NPMs649LTkDZVcQ,/data/schirrmr/fiederer/nicebot/data,64,200,True,/data/schirrmr/fiederer/nicebot/results,resnet,0.001,0,"'[0, 4]'",'*z',256,180,180,onlyEEGData
153,K6BuLcRN2Jez86PHPBwFM8,/data/schirrmr/fiederer/nicebot/data,64,200,True,/data/schirrmr/fiederer/nicebot/results,resnet,0.001,0,"'[0, 4]'",'*z',256,180,180,RobotEEGAux
154,2LT25Ax7cvGMGAzR3dQMzH,/data/schirrmr/fiederer/nicebot/data,64,200,True,/data/schirrmr/fiederer/nicebot/results,resnet,0.001,0,"'[0, 4]'",'*z',256,180,180,RobotEEG
155,a28kBRnGkDN4CRJ9MbE6xR,/data/schirrmr/fiederer/nicebot/data,64,200,True,/data/schirrmr/fiederer/nicebot/results,resnet,0.001,0,"'[0, 4]'",'*C*',256,180,180,onlyEEGData
156,RZJjmybg4C9Duj8HxHERyC,/data/schirrmr/fiederer/nicebot/data,64,200,True,/data/schirrmr/fiederer/nicebot/results,resnet,0.001,0,"'[0, 4]'",'*C*',256,180,180,RobotEEGAux
157,ubsEzouVNJKBrHP6bR7HSE,/data/schirrmr/fiederer/nicebot/data,64,200,True,/data/schirrmr/fiederer/nicebot/results,resnet,0.001,0,"'[0, 4]'",'*C*',256,180,180,RobotEEG
158,ErqgkyMY5ZGKZpjVk2aqu4,/data/schirrmr/fiederer/nicebot/data,64,200,True,/data/schirrmr/fiederer/nicebot/results,resnet,0.001,0,"'[4, 8]'",'*',256,180,180,onlyEEGData
159,ZLnuHdbbKWnMYiw5xRbbhc,/data/schirrmr/fiederer/nicebot/data,64,200,True,/data/schirrmr/fiederer/nicebot/results,resnet,0.001,0,"'[4, 8]'",'*',256,180,180,RobotEEGAux
160,CFQgTMjFkyv9QG8EFLm2rB,/data/schirrmr/fiederer/nicebot/data,64,200,True,/data/schirrmr/fiederer/nicebot/results,resnet,0.001,0,"'[4, 8]'",'*',256,180,180,RobotEEG
161,DtiqraExYikzDZuaNXGeQR,/data/schirrmr/fiederer/nicebot/data,64,200,True,/data/schirrmr/fiederer/nicebot/results,resnet,0.001,0,"'[4, 8]'",'*z',256,180,180,onlyEEGData
162,j85x4WT2PbfpS65v2m3KEZ,/data/schirrmr/fiederer/nicebot/data,64,200,True,/data/schirrmr/fiederer/nicebot/results,resnet,0.001,0,"'[4, 8]'",'*z',256,180,180,RobotEEGAux
163,NyHn5QRH3YyscwVWC8rmpL,/data/schirrmr/fiederer/nicebot/data,64,200,True,/data/schirrmr/fiederer/nicebot/results,resnet,0.001,0,"'[4, 8]'",'*z',256,180,180,RobotEEG
164,8fedqyBKK9KbJdrWadd8B4,/data/schirrmr/fiederer/nicebot/data,64,200,True,/data/schirrmr/fiederer/nicebot/results,resnet,0.001,0,"'[4, 8]'",'*C*',256,180,180,onlyEEGData
165,haVEYtyKamvfJcCw4oGFCB,/data/schirrmr/fiederer/nicebot/data,64,200,True,/data/schirrmr/fiederer/nicebot/results,resnet,0.001,0,"'[4, 8]'",'*C*',256,180,180,RobotEEGAux
166,UCLKqT5XcGZT2EQ3VRRhpD,/data/schirrmr/fiederer/nicebot/data,64,200,True,/data/schirrmr/fiederer/nicebot/results,resnet,0.001,0,"'[4, 8]'",'*C*',256,180,180,RobotEEG
167,MKhrGd2iRZJskHF4sW9o45,/data/schirrmr/fiederer/nicebot/data,64,200,True,/data/schirrmr/fiederer/nicebot/results,resnet,0.001,0,"'[8, 14]'",'*',256,180,180,onlyEEGData
168,ZND4gghkBts6DNvF9nzKo8,/data/schirrmr/fiederer/nicebot/data,64,200,True,/data/schirrmr/fiederer/nicebot/results,resnet,0.001,0,"'[8, 14]'",'*',256,180,180,RobotEEGAux
169,vuziguCS49ngouHigNkNfD,/data/schirrmr/fiederer/nicebot/data,64,200,True,/data/schirrmr/fiederer/nicebot/results,resnet,0.001,0,"'[8, 14]'",'*',256,180,180,RobotEEG
170,37mPJqcp3ReYXi6fbJiwdJ,/data/schirrmr/fiederer/nicebot/data,64,200,True,/data/schirrmr/fiederer/nicebot/results,resnet,0.001,0,"'[8, 14]'",'*z',256,180,180,onlyEEGData
171,S2utigreQDg7L9qidqiwFT,/data/schirrmr/fiederer/nicebot/data,64,200,True,/data/schirrmr/fiederer/nicebot/results,resnet,0.001,0,"'[8, 14]'",'*z',256,180,180,RobotEEGAux
172,pPe6XfPbbnypjo6iTYERzc,/data/schirrmr/fiederer/nicebot/data,64,200,True,/data/schirrmr/fiederer/nicebot/results,resnet,0.001,0,"'[8, 14]'",'*z',256,180,180,RobotEEG
173,kBgUZMofdzo7nyfX4Ur9tE,/data/schirrmr/fiederer/nicebot/data,64,200,True,/data/schirrmr/fiederer/nicebot/results,resnet,0.001,0,"'[8, 14]'",'*C*',256,180,180,onlyEEGData
174,rYxhEDh8X2zAy3ccAZKERf,/data/schirrmr/fiederer/nicebot/data,64,200,True,/data/schirrmr/fiederer/nicebot/results,resnet,0.001,0,"'[8, 14]'",'*C*',256,180,180,RobotEEGAux
175,YZHhmDzJFgmHVfwVeZ3g3C,/data/schirrmr/fiederer/nicebot/data,64,200,True,/data/schirrmr/fiederer/nicebot/results,resnet,0.001,0,"'[8, 14]'",'*C*',256,180,180,RobotEEG
176,qMYb2x7dhzyUNhdh5TM38h,/data/schirrmr/fiederer/nicebot/data,64,200,True,/data/schirrmr/fiederer/nicebot/results,resnet,0.001,0,"'[14, 20]'",'*',256,180,180,onlyEEGData
177,VQSWbKkCdZQg6q7FD7U4CZ,/data/schirrmr/fiederer/nicebot/data,64,200,True,/data/schirrmr/fiederer/nicebot/results,resnet,0.001,0,"'[14, 20]'",'*',256,180,180,RobotEEGAux
178,r3MHHd82645baeoyxnRVhV,/data/schirrmr/fiederer/nicebot/data,64,200,True,/data/schirrmr/fiederer/nicebot/results,resnet,0.001,0,"'[14, 20]'",'*',256,180,180,RobotEEG
179,jWaEuMsvEm6VYyd34ZUowZ,/data/schirrmr/fiederer/nicebot/data,64,200,True,/data/schirrmr/fiederer/nicebot/results,resnet,0.001,0,"'[14, 20]'",'*z',256,180,180,onlyEEGData
180,dBucuYb4tkhKsYaNzPhN7n,/data/schirrmr/fiederer/nicebot/data,64,200,True,/data/schirrmr/fiederer/nicebot/results,resnet,0.001,0,"'[14, 20]'",'*z',256,180,180,RobotEEGAux
181,853EddPmwP5nghHoxjCpCn,/data/schirrmr/fiederer/nicebot/data,64,200,True,/data/schirrmr/fiederer/nicebot/results,resnet,0.001,0,"'[14, 20]'",'*z',256,180,180,RobotEEG
182,Xei6ATtDuf2tBqKEitcj98,/data/schirrmr/fiederer/nicebot/data,64,200,True,/data/schirrmr/fiederer/nicebot/results,resnet,0.001,0,"'[14, 20]'",'*C*',256,180,180,onlyEEGData
183,KMuuGe5Sc2AMYioShyvbBG,/data/schirrmr/fiederer/nicebot/data,64,200,True,/data/schirrmr/fiederer/nicebot/results,resnet,0.001,0,"'[14, 20]'",'*C*',256,180,180,RobotEEGAux
184,NLN4Xt5hPbaQAuQXPVpCUb,/data/schirrmr/fiederer/nicebot/data,64,200,True,/data/schirrmr/fiederer/nicebot/results,resnet,0.001,0,"'[14, 20]'",'*C*',256,180,180,RobotEEG
185,beBwNPAgKuaVLYVwqNj9Hh,/data/schirrmr/fiederer/nicebot/data,64,200,True,/data/schirrmr/fiederer/nicebot/results,resnet,0.001,0,"'[20, 30]'",'*',256,180,180,onlyEEGData
186,ingSvMuSXuAjjqAp698XsX,/data/schirrmr/fiederer/nicebot/data,64,200,True,/data/schirrmr/fiederer/nicebot/results,resnet,0.001,0,"'[20, 30]'",'*',256,180,180,RobotEEGAux
187,iciaRoCAmZQVWRzRe4f9Ke,/data/schirrmr/fiederer/nicebot/data,64,200,True,/data/schirrmr/fiederer/nicebot/results,resnet,0.001,0,"'[20, 30]'",'*',256,180,180,RobotEEG
188,AtYsuRW5pkEjkWgzPsytx6,/data/schirrmr/fiederer/nicebot/data,64,200,True,/data/schirrmr/fiederer/nicebot/results,resnet,0.001,0,"'[20, 30]'",'*z',256,180,180,onlyEEGData
189,R5SSVocTGZ7m855qAsKWZF,/data/schirrmr/fiederer/nicebot/data,64,200,True,/data/schirrmr/fiederer/nicebot/results,resnet,0.001,0,"'[20, 30]'",'*z',256,180,180,RobotEEGAux
190,6WMYrvasnjWEym8G2MaxKn,/data/schirrmr/fiederer/nicebot/data,64,200,True,/data/schirrmr/fiederer/nicebot/results,resnet,0.001,0,"'[20, 30]'",'*z',256,180,180,RobotEEG
191,SB7UK2spUg9i5UTB6g5Qg5,/data/schirrmr/fiederer/nicebot/data,64,200,True,/data/schirrmr/fiederer/nicebot/results,resnet,0.001,0,"'[20, 30]'",'*C*',256,180,180,onlyEEGData
192,a5ANHrxMZ6uqVV2DPfAc5m,/data/schirrmr/fiederer/nicebot/data,64,200,True,/data/schirrmr/fiederer/nicebot/results,resnet,0.001,0,"'[20, 30]'",'*C*',256,180,180,RobotEEGAux
193,AEEZDQNRZcaQn9HeS9bK5b,/data/schirrmr/fiederer/nicebot/data,64,200,True,/data/schirrmr/fiederer/nicebot/results,resnet,0.001,0,"'[20, 30]'",'*C*',256,180,180,RobotEEG
194,svs9CwjynEyrdN6G4uFKiD,/data/schirrmr/fiederer/nicebot/data,64,200,True,/data/schirrmr/fiederer/nicebot/results,resnet,0.001,0,"'[30, 40]'",'*',256,180,180,onlyEEGData
195,dMUyzTUsgfahHPh6JV6esS,/data/schirrmr/fiederer/nicebot/data,64,200,True,/data/schirrmr/fiederer/nicebot/results,resnet,0.001,0,"'[30, 40]'",'*',256,180,180,RobotEEGAux
196,e3LBwoTWjdJpYU3kdHCRZg,/data/schirrmr/fiederer/nicebot/data,64,200,True,/data/schirrmr/fiederer/nicebot/results,resnet,0.001,0,"'[30, 40]'",'*',256,180,180,RobotEEG
197,X2BqiTad9mDw74dr3NWGRC,/data/schirrmr/fiederer/nicebot/data,64,200,True,/data/schirrmr/fiederer/nicebot/results,resnet,0.001,0,"'[30, 40]'",'*z',256,180,180,onlyEEGData
198,GCF2tismyD3m5ZhZeb5avJ,/data/schirrmr/fiederer/nicebot/data,64,200,True,/data/schirrmr/fiederer/nicebot/results,resnet,0.001,0,"'[30, 40]'",'*z',256,180,180,RobotEEGAux
199,srJpTuVQuWpJ5cGqUvagb3,/data/schirrmr/fiederer/nicebot/data,64,200,True,/data/schirrmr/fiederer/nicebot/results,resnet,0.001,0,"'[30, 40]'",'*z',256,180,180,RobotEEG
200,N4EFvGeWu9rc6gEbJ8uECR,/data/schirrmr/fiederer/nicebot/data,64,200,True,/data/schirrmr/fiederer/nicebot/results,resnet,0.001,0,"'[30, 40]'",'*C*',256,180,180,onlyEEGData
201,MYAcmQZ8BvPMbGnjMPynN9,/data/schirrmr/fiederer/nicebot/data,64,200,True,/data/schirrmr/fiederer/nicebot/results,resnet,0.001,0,"'[30, 40]'",'*C*',256,180,180,RobotEEGAux
202,cGMVwGYgFU73xUc5rJ784a,/data/schirrmr/fiederer/nicebot/data,64,200,True,/data/schirrmr/fiederer/nicebot/results,resnet,0.001,0,"'[30, 40]'",'*C*',256,180,180,RobotEEG
203,FLx9pCJeztrfzwqLtpuqyA,/data/schirrmr/fiederer/nicebot/data,64,200,True,/data/schirrmr/fiederer/nicebot/results,lin_reg,0.001,0,"'[None, None]'",'*',256,180,180,onlyEEGData
204,3f8sf8BXMEnkePKAPTfdFd,/data/schirrmr/fiederer/nicebot/data,64,200,True,/data/schirrmr/fiederer/nicebot/results,lin_reg,0.001,0,"'[None, None]'",'*',256,180,180,RobotEEGAux
205,QZZhXrvrnsYzPa48dvzbEf,/data/schirrmr/fiederer/nicebot/data,64,200,True,/data/schirrmr/fiederer/nicebot/results,lin_reg,0.001,0,"'[None, None]'",'*',256,180,180,RobotEEG
206,2HYbLu6LJZn6xgCoxPSMJR,/data/schirrmr/fiederer/nicebot/data,64,200,True,/data/schirrmr/fiederer/nicebot/results,lin_reg,0.001,0,"'[None, None]'",'*z',256,180,180,onlyEEGData
207,VKKHcXFq9U4znLpExUnbtC,/data/schirrmr/fiederer/nicebot/data,64,200,True,/data/schirrmr/fiederer/nicebot/results,lin_reg,0.001,0,"'[None, None]'",'*z',256,180,180,RobotEEGAux
208,ayzQpJ5CDBYyycNTeKZb2H,/data/schirrmr/fiederer/nicebot/data,64,200,True,/data/schirrmr/fiederer/nicebot/results,lin_reg,0.001,0,"'[None, None]'",'*z',256,180,180,RobotEEG
209,uppDSnenkb328UqqKnoKv6,/data/schirrmr/fiederer/nicebot/data,64,200,True,/data/schirrmr/fiederer/nicebot/results,lin_reg,0.001,0,"'[None, None]'",'*C*',256,180,180,onlyEEGData
210,RzYK3txWaSdXe3bLCBDMAK,/data/schirrmr/fiederer/nicebot/data,64,200,True,/data/schirrmr/fiederer/nicebot/results,lin_reg,0.001,0,"'[None, None]'",'*C*',256,180,180,RobotEEGAux
211,CqExRnPhLqqtydFRGyisYg,/data/schirrmr/fiederer/nicebot/data,64,200,True,/data/schirrmr/fiederer/nicebot/results,lin_reg,0.001,0,"'[None, None]'",'*C*',256,180,180,RobotEEG
212,BHB82j7X5SvHmGCEZKkc7K,/data/schirrmr/fiederer/nicebot/data,64,200,True,/data/schirrmr/fiederer/nicebot/results,lin_reg,0.001,0,"'[0, 4]'",'*',256,180,180,onlyEEGData
213,4kmbNi9sv2pQDFYVZEZFDe,/data/schirrmr/fiederer/nicebot/data,64,200,True,/data/schirrmr/fiederer/nicebot/results,lin_reg,0.001,0,"'[0, 4]'",'*',256,180,180,RobotEEGAux
214,CZj6DBQxUdLgZkGWpSTeuZ,/data/schirrmr/fiederer/nicebot/data,64,200,True,/data/schirrmr/fiederer/nicebot/results,lin_reg,0.001,0,"'[0, 4]'",'*',256,180,180,RobotEEG
215,o3ZEbPVcruv5uP6sdxtuSG,/data/schirrmr/fiederer/nicebot/data,64,200,True,/data/schirrmr/fiederer/nicebot/results,lin_reg,0.001,0,"'[0, 4]'",'*z',256,180,180,onlyEEGData
216,7mqXGwxtSta79ygcLrG4bQ,/data/schirrmr/fiederer/nicebot/data,64,200,True,/data/schirrmr/fiederer/nicebot/results,lin_reg,0.001,0,"'[0, 4]'",'*z',256,180,180,RobotEEGAux
217,vyii4G3hYepKXCgVxE3Pt7,/data/schirrmr/fiederer/nicebot/data,64,200,True,/data/schirrmr/fiederer/nicebot/results,lin_reg,0.001,0,"'[0, 4]'",'*z',256,180,180,RobotEEG
218,uaBbH472FsB7iEzVBgyTYT,/data/schirrmr/fiederer/nicebot/data,64,200,True,/data/schirrmr/fiederer/nicebot/results,lin_reg,0.001,0,"'[0, 4]'",'*C*',256,180,180,onlyEEGData
219,vNQ4oapUkFf2XQwBipbomK,/data/schirrmr/fiederer/nicebot/data,64,200,True,/data/schirrmr/fiederer/nicebot/results,lin_reg,0.001,0,"'[0, 4]'",'*C*',256,180,180,RobotEEGAux
220,n6sMt9FEuZS5WEAxpJADN9,/data/schirrmr/fiederer/nicebot/data,64,200,True,/data/schirrmr/fiederer/nicebot/results,lin_reg,0.001,0,"'[0, 4]'",'*C*',256,180,180,RobotEEG
221,euSmdqhYnhfWWqZA7aCJCm,/data/schirrmr/fiederer/nicebot/data,64,200,True,/data/schirrmr/fiederer/nicebot/results,lin_reg,0.001,0,"'[4, 8]'",'*',256,180,180,onlyEEGData
222,fQnh8mppsVyKv9xSsSUQcM,/data/schirrmr/fiederer/nicebot/data,64,200,True,/data/schirrmr/fiederer/nicebot/results,lin_reg,0.001,0,"'[4, 8]'",'*',256,180,180,RobotEEGAux
223,8kMRXjpgPJ9KHLbCyNvTWE,/data/schirrmr/fiederer/nicebot/data,64,200,True,/data/schirrmr/fiederer/nicebot/results,lin_reg,0.001,0,"'[4, 8]'",'*',256,180,180,RobotEEG
224,bDvvWGXgwJ2Hfaoz3Pb5wW,/data/schirrmr/fiederer/nicebot/data,64,200,True,/data/schirrmr/fiederer/nicebot/results,lin_reg,0.001,0,"'[4, 8]'",'*z',256,180,180,onlyEEGData
225,hoPzUg4moNk8BTmJXmMMGJ,/data/schirrmr/fiederer/nicebot/data,64,200,True,/data/schirrmr/fiederer/nicebot/results,lin_reg,0.001,0,"'[4, 8]'",'*z',256,180,180,RobotEEGAux
226,3ggTFm8aEFPhFvQnxhXDUG,/data/schirrmr/fiederer/nicebot/data,64,200,True,/data/schirrmr/fiederer/nicebot/results,lin_reg,0.001,0,"'[4, 8]'",'*z',256,180,180,RobotEEG
227,kcf9Dnm5Xjoy827W5uHHxZ,/data/schirrmr/fiederer/nicebot/data,64,200,True,/data/schirrmr/fiederer/nicebot/results,lin_reg,0.001,0,"'[4, 8]'",'*C*',256,180,180,onlyEEGData
228,ZjwgAd4gqrsf6Ddr2bQJCh,/data/schirrmr/fiederer/nicebot/data,64,200,True,/data/schirrmr/fiederer/nicebot/results,lin_reg,0.001,0,"'[4, 8]'",'*C*',256,180,180,RobotEEGAux
229,chNRhnCzSR2sM5WK9vxdGX,/data/schirrmr/fiederer/nicebot/data,64,200,True,/data/schirrmr/fiederer/nicebot/results,lin_reg,0.001,0,"'[4, 8]'",'*C*',256,180,180,RobotEEG
230,pykjGsFsdS8riMP8qnyGcN,/data/schirrmr/fiederer/nicebot/data,64,200,True,/data/schirrmr/fiederer/nicebot/results,lin_reg,0.001,0,"'[8, 14]'",'*',256,180,180,onlyEEGData
231,SHFJzXf8hWE7GRiQRLdsTg,/data/schirrmr/fiederer/nicebot/data,64,200,True,/data/schirrmr/fiederer/nicebot/results,lin_reg,0.001,0,"'[8, 14]'",'*',256,180,180,RobotEEGAux
232,hsTSdSgnRMTVEagyghCpzX,/data/schirrmr/fiederer/nicebot/data,64,200,True,/data/schirrmr/fiederer/nicebot/results,lin_reg,0.001,0,"'[8, 14]'",'*',256,180,180,RobotEEG
233,WF8CD77i2hKjghBcaYyjeU,/data/schirrmr/fiederer/nicebot/data,64,200,True,/data/schirrmr/fiederer/nicebot/results,lin_reg,0.001,0,"'[8, 14]'",'*z',256,180,180,onlyEEGData
234,oU5PYknx6abx3VJxXjuJt5,/data/schirrmr/fiederer/nicebot/data,64,200,True,/data/schirrmr/fiederer/nicebot/results,lin_reg,0.001,0,"'[8, 14]'",'*z',256,180,180,RobotEEGAux
235,FtsSskbY5fE2nu7u9eD6dJ,/data/schirrmr/fiederer/nicebot/data,64,200,True,/data/schirrmr/fiederer/nicebot/results,lin_reg,0.001,0,"'[8, 14]'",'*z',256,180,180,RobotEEG
236,bXa9XhNLqwzcecmxBYqt9W,/data/schirrmr/fiederer/nicebot/data,64,200,True,/data/schirrmr/fiederer/nicebot/results,lin_reg,0.001,0,"'[8, 14]'",'*C*',256,180,180,onlyEEGData
237,Q4ybntNgocGkutenyJy4tU,/data/schirrmr/fiederer/nicebot/data,64,200,True,/data/schirrmr/fiederer/nicebot/results,lin_reg,0.001,0,"'[8, 14]'",'*C*',256,180,180,RobotEEGAux
238,wz6cagBFEHngnXzJddfrAn,/data/schirrmr/fiederer/nicebot/data,64,200,True,/data/schirrmr/fiederer/nicebot/results,lin_reg,0.001,0,"'[8, 14]'",'*C*',256,180,180,RobotEEG
239,cJgiNfhAbYkWferiXUjNj8,/data/schirrmr/fiederer/nicebot/data,64,200,True,/data/schirrmr/fiederer/nicebot/results,lin_reg,0.001,0,"'[14, 20]'",'*',256,180,180,onlyEEGData
240,MzE3rVCuCoEeiQWckVTzSR,/data/schirrmr/fiederer/nicebot/data,64,200,True,/data/schirrmr/fiederer/nicebot/results,lin_reg,0.001,0,"'[14, 20]'",'*',256,180,180,RobotEEGAux
241,v7hZWK6D5CtPptuNGzCDf8,/data/schirrmr/fiederer/nicebot/data,64,200,True,/data/schirrmr/fiederer/nicebot/results,lin_reg,0.001,0,"'[14, 20]'",'*',256,180,180,RobotEEG
242,9po7nF5HR6CXSvUKMCChXb,/data/schirrmr/fiederer/nicebot/data,64,200,True,/data/schirrmr/fiederer/nicebot/results,lin_reg,0.001,0,"'[14, 20]'",'*z',256,180,180,onlyEEGData
243,cVwuHjetVqhipLYQqCoAnc,/data/schirrmr/fiederer/nicebot/data,64,200,True,/data/schirrmr/fiederer/nicebot/results,lin_reg,0.001,0,"'[14, 20]'",'*z',256,180,180,RobotEEGAux
244,UTCboQoiGKw9PzRn26ci3X,/data/schirrmr/fiederer/nicebot/data,64,200,True,/data/schirrmr/fiederer/nicebot/results,lin_reg,0.001,0,"'[14, 20]'",'*z',256,180,180,RobotEEG
245,qnGq2SsQ8E8Yu8pfFPCkic,/data/schirrmr/fiederer/nicebot/data,64,200,True,/data/schirrmr/fiederer/nicebot/results,lin_reg,0.001,0,"'[14, 20]'",'*C*',256,180,180,onlyEEGData
246,JAaFc9ZdS8EXSBnBHGtykY,/data/schirrmr/fiederer/nicebot/data,64,200,True,/data/schirrmr/fiederer/nicebot/results,lin_reg,0.001,0,"'[14, 20]'",'*C*',256,180,180,RobotEEGAux
247,mnWRqWYTigNMbNxPqhdG9X,/data/schirrmr/fiederer/nicebot/data,64,200,True,/data/schirrmr/fiederer/nicebot/results,lin_reg,0.001,0,"'[14, 20]'",'*C*',256,180,180,RobotEEG
248,hKUEC3w65SiqjsLommm3mF,/data/schirrmr/fiederer/nicebot/data,64,200,True,/data/schirrmr/fiederer/nicebot/results,lin_reg,0.001,0,"'[20, 30]'",'*',256,180,180,onlyEEGData
249,A4pTZKbJ44Hcd3UkHhS3Zn,/data/schirrmr/fiederer/nicebot/data,64,200,True,/data/schirrmr/fiederer/nicebot/results,lin_reg,0.001,0,"'[20, 30]'",'*',256,180,180,RobotEEGAux
250,ZWZrJuzTMFFqdWkx5HvUD2,/data/schirrmr/fiederer/nicebot/data,64,200,True,/data/schirrmr/fiederer/nicebot/results,lin_reg,0.001,0,"'[20, 30]'",'*',256,180,180,RobotEEG
251,x5nh6brVKqSCskBvpUVMjm,/data/schirrmr/fiederer/nicebot/data,64,200,True,/data/schirrmr/fiederer/nicebot/results,lin_reg,0.001,0,"'[20, 30]'",'*z',256,180,180,onlyEEGData
252,MYZa63dqLLegh4noAJ5QwB,/data/schirrmr/fiederer/nicebot/data,64,200,True,/data/schirrmr/fiederer/nicebot/results,lin_reg,0.001,0,"'[20, 30]'",'*z',256,180,180,RobotEEGAux
253,PtYgev3mrfTiubSr9GQd5R,/data/schirrmr/fiederer/nicebot/data,64,200,True,/data/schirrmr/fiederer/nicebot/results,lin_reg,0.001,0,"'[20, 30]'",'*z',256,180,180,RobotEEG
254,a383QcbFsuvpa2puDrL46U,/data/schirrmr/fiederer/nicebot/data,64,200,True,/data/schirrmr/fiederer/nicebot/results,lin_reg,0.001,0,"'[20, 30]'",'*C*',256,180,180,onlyEEGData
255,gKrKFRyGJFrvEVTC6rnGcN,/data/schirrmr/fiederer/nicebot/data,64,200,True,/data/schirrmr/fiederer/nicebot/results,lin_reg,0.001,0,"'[20, 30]'",'*C*',256,180,180,RobotEEGAux
256,wT8CQ8mFtZgVVKE7jMmXMS,/data/schirrmr/fiederer/nicebot/data,64,200,True,/data/schirrmr/fiederer/nicebot/results,lin_reg,0.001,0,"'[20, 30]'",'*C*',256,180,180,RobotEEG
257,QM6rQ2LgbSdQSYSBTW6jKW,/data/schirrmr/fiederer/nicebot/data,64,200,True,/data/schirrmr/fiederer/nicebot/results,lin_reg,0.001,0,"'[30, 40]'",'*',256,180,180,onlyEEGData
258,JJZ3pihrxXiY8JRsG3YCRE,/data/schirrmr/fiederer/nicebot/data,64,200,True,/data/schirrmr/fiederer/nicebot/results,lin_reg,0.001,0,"'[30, 40]'",'*',256,180,180,RobotEEGAux
259,cCtTYDALQK2FgVcrxUWSvN,/data/schirrmr/fiederer/nicebot/data,64,200,True,/data/schirrmr/fiederer/nicebot/results,lin_reg,0.001,0,"'[30, 40]'",'*',256,180,180,RobotEEG
260,4pxXS7JwL8qaVoeDXYsqF3,/data/schirrmr/fiederer/nicebot/data,64,200,True,/data/schirrmr/fiederer/nicebot/results,lin_reg,0.001,0,"'[30, 40]'",'*z',256,180,180,onlyEEGData
261,VhzwzUX5BLtJw5eQSFMnMR,/data/schirrmr/fiederer/nicebot/data,64,200,True,/data/schirrmr/fiederer/nicebot/results,lin_reg,0.001,0,"'[30, 40]'",'*z',256,180,180,RobotEEGAux
262,4yujFNvbu2JpAwbz6roaWU,/data/schirrmr/fiederer/nicebot/data,64,200,True,/data/schirrmr/fiederer/nicebot/results,lin_reg,0.001,0,"'[30, 40]'",'*z',256,180,180,RobotEEG
263,i48Tc7aCZ4DzCyWxWNjvom,/data/schirrmr/fiederer/nicebot/data,64,200,True,/data/schirrmr/fiederer/nicebot/results,lin_reg,0.001,0,"'[30, 40]'",'*C*',256,180,180,onlyEEGData
264,rrnvQuLKo5QzQ3oRZu7Uyn,/data/schirrmr/fiederer/nicebot/data,64,200,True,/data/schirrmr/fiederer/nicebot/results,lin_reg,0.001,0,"'[30, 40]'",'*C*',256,180,180,RobotEEGAux
265,DSQvKWAvSkX9PZHTTBZKGc,/data/schirrmr/fiederer/nicebot/data,64,200,True,/data/schirrmr/fiederer/nicebot/results,lin_reg,0.001,0,"'[30, 40]'",'*C*',256,180,180,RobotEEG
266,xJqg3HPohscRvnJK2tFh6b,/data/schirrmr/fiederer/nicebot/data,64,200,True,/data/schirrmr/fiederer/nicebot/results,lin_svr,0.001,0,"'[None, None]'",'*',256,180,180,onlyEEGData
267,KcBjwiYxNdpQw95nyfMEWQ,/data/schirrmr/fiederer/nicebot/data,64,200,True,/data/schirrmr/fiederer/nicebot/results,lin_svr,0.001,0,"'[None, None]'",'*',256,180,180,RobotEEGAux
268,tK7a9aX6kmVCFL6AFTnmFn,/data/schirrmr/fiederer/nicebot/data,64,200,True,/data/schirrmr/fiederer/nicebot/results,lin_svr,0.001,0,"'[None, None]'",'*',256,180,180,RobotEEG
269,uDaudJmuDysDMhhUeGB2cn,/data/schirrmr/fiederer/nicebot/data,64,200,True,/data/schirrmr/fiederer/nicebot/results,lin_svr,0.001,0,"'[None, None]'",'*z',256,180,180,onlyEEGData
270,mD3Xa67kUbiCg8o58qJFSk,/data/schirrmr/fiederer/nicebot/data,64,200,True,/data/schirrmr/fiederer/nicebot/results,lin_svr,0.001,0,"'[None, None]'",'*z',256,180,180,RobotEEGAux
271,JDwKiWdtJ4ht9BKAGEYniE,/data/schirrmr/fiederer/nicebot/data,64,200,True,/data/schirrmr/fiederer/nicebot/results,lin_svr,0.001,0,"'[None, None]'",'*z',256,180,180,RobotEEG
272,MWWY2YB28CpnV9B6nAdbjV,/data/schirrmr/fiederer/nicebot/data,64,200,True,/data/schirrmr/fiederer/nicebot/results,lin_svr,0.001,0,"'[None, None]'",'*C*',256,180,180,onlyEEGData
273,BXmWCK9fL24Pkbgq3gjZiF,/data/schirrmr/fiederer/nicebot/data,64,200,True,/data/schirrmr/fiederer/nicebot/results,lin_svr,0.001,0,"'[None, None]'",'*C*',256,180,180,RobotEEGAux
274,KUytdodjAQXTq53AziHkzS,/data/schirrmr/fiederer/nicebot/data,64,200,True,/data/schirrmr/fiederer/nicebot/results,lin_svr,0.001,0,"'[None, None]'",'*C*',256,180,180,RobotEEG
275,37v9xkzHftRrJra65sWWLg,/data/schirrmr/fiederer/nicebot/data,64,200,True,/data/schirrmr/fiederer/nicebot/results,lin_svr,0.001,0,"'[0, 4]'",'*',256,180,180,onlyEEGData
276,PzdMCWtmu7XHWEmQb2KxsX,/data/schirrmr/fiederer/nicebot/data,64,200,True,/data/schirrmr/fiederer/nicebot/results,lin_svr,0.001,0,"'[0, 4]'",'*',256,180,180,RobotEEGAux
277,tP9Ve3TSk7fKo3GzmMFcyR,/data/schirrmr/fiederer/nicebot/data,64,200,True,/data/schirrmr/fiederer/nicebot/results,lin_svr,0.001,0,"'[0, 4]'",'*',256,180,180,RobotEEG
278,y4EGzEczstGTMxpbigGgVR,/data/schirrmr/fiederer/nicebot/data,64,200,True,/data/schirrmr/fiederer/nicebot/results,lin_svr,0.001,0,"'[0, 4]'",'*z',256,180,180,onlyEEGData
279,Wo3f5uVJLur5BUGjx9wVYU,/data/schirrmr/fiederer/nicebot/data,64,200,True,/data/schirrmr/fiederer/nicebot/results,lin_svr,0.001,0,"'[0, 4]'",'*z',256,180,180,RobotEEGAux
280,DH9JyThPeAsVHDgmF3zpDE,/data/schirrmr/fiederer/nicebot/data,64,200,True,/data/schirrmr/fiederer/nicebot/results,lin_svr,0.001,0,"'[0, 4]'",'*z',256,180,180,RobotEEG
281,9VUVeL4m4jwvgvwrbL5wYe,/data/schirrmr/fiederer/nicebot/data,64,200,True,/data/schirrmr/fiederer/nicebot/results,lin_svr,0.001,0,"'[0, 4]'",'*C*',256,180,180,onlyEEGData
282,5ci3fbVepDKRP7JDqsP56T,/data/schirrmr/fiederer/nicebot/data,64,200,True,/data/schirrmr/fiederer/nicebot/results,lin_svr,0.001,0,"'[0, 4]'",'*C*',256,180,180,RobotEEGAux
283,5mmD6L8ttZVXgDcxXZ5XKd,/data/schirrmr/fiederer/nicebot/data,64,200,True,/data/schirrmr/fiederer/nicebot/results,lin_svr,0.001,0,"'[0, 4]'",'*C*',256,180,180,RobotEEG
284,8aTtKjFKEXgi5u4HowZmn4,/data/schirrmr/fiederer/nicebot/data,64,200,True,/data/schirrmr/fiederer/nicebot/results,lin_svr,0.001,0,"'[4, 8]'",'*',256,180,180,onlyEEGData
285,Atx8UoAnKQDJVi9G99CPvg,/data/schirrmr/fiederer/nicebot/data,64,200,True,/data/schirrmr/fiederer/nicebot/results,lin_svr,0.001,0,"'[4, 8]'",'*',256,180,180,RobotEEGAux
286,uGosEL5wQzp7y7cGXeNyo7,/data/schirrmr/fiederer/nicebot/data,64,200,True,/data/schirrmr/fiederer/nicebot/results,lin_svr,0.001,0,"'[4, 8]'",'*',256,180,180,RobotEEG
287,oQwMhqNEYSfyTqnYeGk5Cf,/data/schirrmr/fiederer/nicebot/data,64,200,True,/data/schirrmr/fiederer/nicebot/results,lin_svr,0.001,0,"'[4, 8]'",'*z',256,180,180,onlyEEGData
288,RhCX2rz2REgGVJ2zGCo2aK,/data/schirrmr/fiederer/nicebot/data,64,200,True,/data/schirrmr/fiederer/nicebot/results,lin_svr,0.001,0,"'[4, 8]'",'*z',256,180,180,RobotEEGAux
289,iegkEN5TsZPyskmrZZLXZC,/data/schirrmr/fiederer/nicebot/data,64,200,True,/data/schirrmr/fiederer/nicebot/results,lin_svr,0.001,0,"'[4, 8]'",'*z',256,180,180,RobotEEG
290,bUauhf2EGekmo5wsLBXhLi,/data/schirrmr/fiederer/nicebot/data,64,200,True,/data/schirrmr/fiederer/nicebot/results,lin_svr,0.001,0,"'[4, 8]'",'*C*',256,180,180,onlyEEGData
291,o7naNEUYSkWe3Lvm2mGgn3,/data/schirrmr/fiederer/nicebot/data,64,200,True,/data/schirrmr/fiederer/nicebot/results,lin_svr,0.001,0,"'[4, 8]'",'*C*',256,180,180,RobotEEGAux
292,s6tWLZ28Lxeq2nG5YLStYn,/data/schirrmr/fiederer/nicebot/data,64,200,True,/data/schirrmr/fiederer/nicebot/results,lin_svr,0.001,0,"'[4, 8]'",'*C*',256,180,180,RobotEEG
293,r37zvdQc5RWZEe6gUrHPMj,/data/schirrmr/fiederer/nicebot/data,64,200,True,/data/schirrmr/fiederer/nicebot/results,lin_svr,0.001,0,"'[8, 14]'",'*',256,180,180,onlyEEGData
294,ceV36aAiKLBywgCBV4Pfw2,/data/schirrmr/fiederer/nicebot/data,64,200,True,/data/schirrmr/fiederer/nicebot/results,lin_svr,0.001,0,"'[8, 14]'",'*',256,180,180,RobotEEGAux
295,UcP8ve4oB8wGBsfiL9wswd,/data/schirrmr/fiederer/nicebot/data,64,200,True,/data/schirrmr/fiederer/nicebot/results,lin_svr,0.001,0,"'[8, 14]'",'*',256,180,180,RobotEEG
296,Pw4FidoLi7zdGjyBGFtg8o,/data/schirrmr/fiederer/nicebot/data,64,200,True,/data/schirrmr/fiederer/nicebot/results,lin_svr,0.001,0,"'[8, 14]'",'*z',256,180,180,onlyEEGData
297,rcmWtvWh7AS86BrAHCdLuc,/data/schirrmr/fiederer/nicebot/data,64,200,True,/data/schirrmr/fiederer/nicebot/results,lin_svr,0.001,0,"'[8, 14]'",'*z',256,180,180,RobotEEGAux
298,qRFyHH9bLjong4Ftpk5C3J,/data/schirrmr/fiederer/nicebot/data,64,200,True,/data/schirrmr/fiederer/nicebot/results,lin_svr,0.001,0,"'[8, 14]'",'*z',256,180,180,RobotEEG
299,ot6zMe3QVuf4ntqKszM65j,/data/schirrmr/fiederer/nicebot/data,64,200,True,/data/schirrmr/fiederer/nicebot/results,lin_svr,0.001,0,"'[8, 14]'",'*C*',256,180,180,onlyEEGData
300,bDXjUrXdzBrUruL6wTFXtU,/data/schirrmr/fiederer/nicebot/data,64,200,True,/data/schirrmr/fiederer/nicebot/results,lin_svr,0.001,0,"'[8, 14]'",'*C*',256,180,180,RobotEEGAux
301,fQBYG2dT6oHrRbhdiEHp9N,/data/schirrmr/fiederer/nicebot/data,64,200,True,/data/schirrmr/fiederer/nicebot/results,lin_svr,0.001,0,"'[8, 14]'",'*C*',256,180,180,RobotEEG
302,9Lob9xUoU9A8uWwoojwMPi,/data/schirrmr/fiederer/nicebot/data,64,200,True,/data/schirrmr/fiederer/nicebot/results,lin_svr,0.001,0,"'[14, 20]'",'*',256,180,180,onlyEEGData
303,iwgce8D3qawJWw2Ux84Mdc,/data/schirrmr/fiederer/nicebot/data,64,200,True,/data/schirrmr/fiederer/nicebot/results,lin_svr,0.001,0,"'[14, 20]'",'*',256,180,180,RobotEEGAux
304,MvH8nJbJSGo6xRfZmJWC4a,/data/schirrmr/fiederer/nicebot/data,64,200,True,/data/schirrmr/fiederer/nicebot/results,lin_svr,0.001,0,"'[14, 20]'",'*',256,180,180,RobotEEG
305,gEkFurTokSiQkz2eBtx6gV,/data/schirrmr/fiederer/nicebot/data,64,200,True,/data/schirrmr/fiederer/nicebot/results,lin_svr,0.001,0,"'[14, 20]'",'*z',256,180,180,onlyEEGData
306,n4GcZvMKJm4edMSJMZPkVA,/data/schirrmr/fiederer/nicebot/data,64,200,True,/data/schirrmr/fiederer/nicebot/results,lin_svr,0.001,0,"'[14, 20]'",'*z',256,180,180,RobotEEGAux
307,2ZErbJatBeYBeMAx9hiBkg,/data/schirrmr/fiederer/nicebot/data,64,200,True,/data/schirrmr/fiederer/nicebot/results,lin_svr,0.001,0,"'[14, 20]'",'*z',256,180,180,RobotEEG
308,RKuxmqP58Un4PwqxgpNGNW,/data/schirrmr/fiederer/nicebot/data,64,200,True,/data/schirrmr/fiederer/nicebot/results,lin_svr,0.001,0,"'[14, 20]'",'*C*',256,180,180,onlyEEGData
309,oQXQvFuWFNdgGnfZJ5vwpk,/data/schirrmr/fiederer/nicebot/data,64,200,True,/data/schirrmr/fiederer/nicebot/results,lin_svr,0.001,0,"'[14, 20]'",'*C*',256,180,180,RobotEEGAux
310,sbVGn3m9fCvRuvMiWzUsQh,/data/schirrmr/fiederer/nicebot/data,64,200,True,/data/schirrmr/fiederer/nicebot/results,lin_svr,0.001,0,"'[14, 20]'",'*C*',256,180,180,RobotEEG
311,jJo2qYicFCqzUkVeZvDYWZ,/data/schirrmr/fiederer/nicebot/data,64,200,True,/data/schirrmr/fiederer/nicebot/results,lin_svr,0.001,0,"'[20, 30]'",'*',256,180,180,onlyEEGData
312,Y7sniNCCehn2PNvNDoDHD8,/data/schirrmr/fiederer/nicebot/data,64,200,True,/data/schirrmr/fiederer/nicebot/results,lin_svr,0.001,0,"'[20, 30]'",'*',256,180,180,RobotEEGAux
313,Bm5nAX9WNiMXnDEYbBhk9L,/data/schirrmr/fiederer/nicebot/data,64,200,True,/data/schirrmr/fiederer/nicebot/results,lin_svr,0.001,0,"'[20, 30]'",'*',256,180,180,RobotEEG
314,ThL8ZBpXvSa8S2d26KBWKc,/data/schirrmr/fiederer/nicebot/data,64,200,True,/data/schirrmr/fiederer/nicebot/results,lin_svr,0.001,0,"'[20, 30]'",'*z',256,180,180,onlyEEGData
315,PLb55Pn5QhTU2e8EPJcEQe,/data/schirrmr/fiederer/nicebot/data,64,200,True,/data/schirrmr/fiederer/nicebot/results,lin_svr,0.001,0,"'[20, 30]'",'*z',256,180,180,RobotEEGAux
316,XeFg83fg6schX8uMfEYWKR,/data/schirrmr/fiederer/nicebot/data,64,200,True,/data/schirrmr/fiederer/nicebot/results,lin_svr,0.001,0,"'[20, 30]'",'*z',256,180,180,RobotEEG
317,hi2zWyNXFeZCzMBW3z6998,/data/schirrmr/fiederer/nicebot/data,64,200,True,/data/schirrmr/fiederer/nicebot/results,lin_svr,0.001,0,"'[20, 30]'",'*C*',256,180,180,onlyEEGData
318,ArVpLNUESZ4eWnM2aHRN7c,/data/schirrmr/fiederer/nicebot/data,64,200,True,/data/schirrmr/fiederer/nicebot/results,lin_svr,0.001,0,"'[20, 30]'",'*C*',256,180,180,RobotEEGAux
319,sSVSkTWwyTQmzNAFdPLwE4,/data/schirrmr/fiederer/nicebot/data,64,200,True,/data/schirrmr/fiederer/nicebot/results,lin_svr,0.001,0,"'[20, 30]'",'*C*',256,180,180,RobotEEG
320,CBTQDNcW6CoSP6Virivf5G,/data/schirrmr/fiederer/nicebot/data,64,200,True,/data/schirrmr/fiederer/nicebot/results,lin_svr,0.001,0,"'[30, 40]'",'*',256,180,180,onlyEEGData
321,t8QeWJnHNNLrn3WHiD9X6i,/data/schirrmr/fiederer/nicebot/data,64,200,True,/data/schirrmr/fiederer/nicebot/results,lin_svr,0.001,0,"'[30, 40]'",'*',256,180,180,RobotEEGAux
322,y4LykcKaf4HD67PHmA4pna,/data/schirrmr/fiederer/nicebot/data,64,200,True,/data/schirrmr/fiederer/nicebot/results,lin_svr,0.001,0,"'[30, 40]'",'*',256,180,180,RobotEEG
323,UKh4xyH8a8YP9SuoAn4L5W,/data/schirrmr/fiederer/nicebot/data,64,200,True,/data/schirrmr/fiederer/nicebot/results,lin_svr,0.001,0,"'[30, 40]'",'*z',256,180,180,onlyEEGData
324,BXdE8TVc79LDg2yKnM6J2e,/data/schirrmr/fiederer/nicebot/data,64,200,True,/data/schirrmr/fiederer/nicebot/results,lin_svr,0.001,0,"'[30, 40]'",'*z',256,180,180,RobotEEGAux
325,4KK2SZhRGYGaow3qTVNnsk,/data/schirrmr/fiederer/nicebot/data,64,200,True,/data/schirrmr/fiederer/nicebot/results,lin_svr,0.001,0,"'[30, 40]'",'*z',256,180,180,RobotEEG
326,9MfPBzGuVR8rE7KuixpkmV,/data/schirrmr/fiederer/nicebot/data,64,200,True,/data/schirrmr/fiederer/nicebot/results,lin_svr,0.001,0,"'[30, 40]'",'*C*',256,180,180,onlyEEGData
327,8Xmqh56Uskt9d73iwXxR8e,/data/schirrmr/fiederer/nicebot/data,64,200,True,/data/schirrmr/fiederer/nicebot/results,lin_svr,0.001,0,"'[30, 40]'",'*C*',256,180,180,RobotEEGAux
328,5iMZVZrL5F66TJJbqejvAn,/data/schirrmr/fiederer/nicebot/data,64,200,True,/data/schirrmr/fiederer/nicebot/results,lin_svr,0.001,0,"'[30, 40]'",'*C*',256,180,180,RobotEEG
329,cTXaPJi7vew42gVdqNgBDT,/data/schirrmr/fiederer/nicebot/data,64,200,True,/data/schirrmr/fiederer/nicebot/results,rbf_svr,0.001,0,"'[None, None]'",'*',256,180,180,onlyEEGData
330,cfhsnHzcMgiX8rrxtcVmMH,/data/schirrmr/fiederer/nicebot/data,64,200,True,/data/schirrmr/fiederer/nicebot/results,rbf_svr,0.001,0,"'[None, None]'",'*',256,180,180,RobotEEGAux
331,rRMrLF82xEGVMHdZnMykiF,/data/schirrmr/fiederer/nicebot/data,64,200,True,/data/schirrmr/fiederer/nicebot/results,rbf_svr,0.001,0,"'[None, None]'",'*',256,180,180,RobotEEG
332,X6AGcDruYxZvmvr8LWLkZn,/data/schirrmr/fiederer/nicebot/data,64,200,True,/data/schirrmr/fiederer/nicebot/results,rbf_svr,0.001,0,"'[None, None]'",'*z',256,180,180,onlyEEGData
333,pSE5gmuHbTjJtQV3zULyjA,/data/schirrmr/fiederer/nicebot/data,64,200,True,/data/schirrmr/fiederer/nicebot/results,rbf_svr,0.001,0,"'[None, None]'",'*z',256,180,180,RobotEEGAux
334,yR5V3FEmm3ZfMxRu4HgaD3,/data/schirrmr/fiederer/nicebot/data,64,200,True,/data/schirrmr/fiederer/nicebot/results,rbf_svr,0.001,0,"'[None, None]'",'*z',256,180,180,RobotEEG
335,SZPraWBd9Zh9MMzo29rkd5,/data/schirrmr/fiederer/nicebot/data,64,200,True,/data/schirrmr/fiederer/nicebot/results,rbf_svr,0.001,0,"'[None, None]'",'*C*',256,180,180,onlyEEGData
336,ZxHr7HE6c6Tjng9xMEhE8V,/data/schirrmr/fiederer/nicebot/data,64,200,True,/data/schirrmr/fiederer/nicebot/results,rbf_svr,0.001,0,"'[None, None]'",'*C*',256,180,180,RobotEEGAux
337,yjqgmudDwHXcvgKxwtntZW,/data/schirrmr/fiederer/nicebot/data,64,200,True,/data/schirrmr/fiederer/nicebot/results,rbf_svr,0.001,0,"'[None, None]'",'*C*',256,180,180,RobotEEG
338,SixySCMs89EAwePGVBJLbL,/data/schirrmr/fiederer/nicebot/data,64,200,True,/data/schirrmr/fiederer/nicebot/results,rbf_svr,0.001,0,"'[0, 4]'",'*',256,180,180,onlyEEGData
339,GY9kCUce5EHnRXRbe7wNEm,/data/schirrmr/fiederer/nicebot/data,64,200,True,/data/schirrmr/fiederer/nicebot/results,rbf_svr,0.001,0,"'[0, 4]'",'*',256,180,180,RobotEEGAux
340,ujXC2AytJPh3BDwBLJdvQY,/data/schirrmr/fiederer/nicebot/data,64,200,True,/data/schirrmr/fiederer/nicebot/results,rbf_svr,0.001,0,"'[0, 4]'",'*',256,180,180,RobotEEG
341,QyPY75SY9S8zQRgM7s3c8X,/data/schirrmr/fiederer/nicebot/data,64,200,True,/data/schirrmr/fiederer/nicebot/results,rbf_svr,0.001,0,"'[0, 4]'",'*z',256,180,180,onlyEEGData
342,iwYmeP6zHHHQ56FXmP4Qe8,/data/schirrmr/fiederer/nicebot/data,64,200,True,/data/schirrmr/fiederer/nicebot/results,rbf_svr,0.001,0,"'[0, 4]'",'*z',256,180,180,RobotEEGAux
343,YzNtmHKrUYCR56FYsF4G3b,/data/schirrmr/fiederer/nicebot/data,64,200,True,/data/schirrmr/fiederer/nicebot/results,rbf_svr,0.001,0,"'[0, 4]'",'*z',256,180,180,RobotEEG
344,r3LGsFZjwfBu6RbZiTitC3,/data/schirrmr/fiederer/nicebot/data,64,200,True,/data/schirrmr/fiederer/nicebot/results,rbf_svr,0.001,0,"'[0, 4]'",'*C*',256,180,180,onlyEEGData
345,gCT55UsrvtrC7At8NnXXmN,/data/schirrmr/fiederer/nicebot/data,64,200,True,/data/schirrmr/fiederer/nicebot/results,rbf_svr,0.001,0,"'[0, 4]'",'*C*',256,180,180,RobotEEGAux
346,JrK4twKQFTemtPg4kcaQpL,/data/schirrmr/fiederer/nicebot/data,64,200,True,/data/schirrmr/fiederer/nicebot/results,rbf_svr,0.001,0,"'[0, 4]'",'*C*',256,180,180,RobotEEG
347,7gYANf7VfraMZue7ssVnjN,/data/schirrmr/fiederer/nicebot/data,64,200,True,/data/schirrmr/fiederer/nicebot/results,rbf_svr,0.001,0,"'[4, 8]'",'*',256,180,180,onlyEEGData
348,TpVZJigx6qHi7EzwMPjpoR,/data/schirrmr/fiederer/nicebot/data,64,200,True,/data/schirrmr/fiederer/nicebot/results,rbf_svr,0.001,0,"'[4, 8]'",'*',256,180,180,RobotEEGAux
349,b5xjHxXFxKA9tS7dY2fmHh,/data/schirrmr/fiederer/nicebot/data,64,200,True,/data/schirrmr/fiederer/nicebot/results,rbf_svr,0.001,0,"'[4, 8]'",'*',256,180,180,RobotEEG
350,ULFhyHe26Kmzk3hyPLYdM2,/data/schirrmr/fiederer/nicebot/data,64,200,True,/data/schirrmr/fiederer/nicebot/results,rbf_svr,0.001,0,"'[4, 8]'",'*z',256,180,180,onlyEEGData
351,3k9mCyoENdEaUwbj3T6JBV,/data/schirrmr/fiederer/nicebot/data,64,200,True,/data/schirrmr/fiederer/nicebot/results,rbf_svr,0.001,0,"'[4, 8]'",'*z',256,180,180,RobotEEGAux
352,Y85PB9ovnrBtL6ZWfjrbG9,/data/schirrmr/fiederer/nicebot/data,64,200,True,/data/schirrmr/fiederer/nicebot/results,rbf_svr,0.001,0,"'[4, 8]'",'*z',256,180,180,RobotEEG
353,vbXGivyE4qtMgqLrhzvtCJ,/data/schirrmr/fiederer/nicebot/data,64,200,True,/data/schirrmr/fiederer/nicebot/results,rbf_svr,0.001,0,"'[4, 8]'",'*C*',256,180,180,onlyEEGData
354,Ez9ZBYeJgJLMUKVoKfVjCL,/data/schirrmr/fiederer/nicebot/data,64,200,True,/data/schirrmr/fiederer/nicebot/results,rbf_svr,0.001,0,"'[4, 8]'",'*C*',256,180,180,RobotEEGAux
355,FEs38LJGBpjbnKCcJBSXNR,/data/schirrmr/fiederer/nicebot/data,64,200,True,/data/schirrmr/fiederer/nicebot/results,rbf_svr,0.001,0,"'[4, 8]'",'*C*',256,180,180,RobotEEG
356,bayJdfj6t27mCk88f59u89,/data/schirrmr/fiederer/nicebot/data,64,200,True,/data/schirrmr/fiederer/nicebot/results,rbf_svr,0.001,0,"'[8, 14]'",'*',256,180,180,onlyEEGData
357,FW4ehUXZ9KbrzYzA2Er5t7,/data/schirrmr/fiederer/nicebot/data,64,200,True,/data/schirrmr/fiederer/nicebot/results,rbf_svr,0.001,0,"'[8, 14]'",'*',256,180,180,RobotEEGAux
358,egx7KxddytuPtKHeQdKoN9,/data/schirrmr/fiederer/nicebot/data,64,200,True,/data/schirrmr/fiederer/nicebot/results,rbf_svr,0.001,0,"'[8, 14]'",'*',256,180,180,RobotEEG
359,hRCBidwmG9WBVnBoAsnq7e,/data/schirrmr/fiederer/nicebot/data,64,200,True,/data/schirrmr/fiederer/nicebot/results,rbf_svr,0.001,0,"'[8, 14]'",'*z',256,180,180,onlyEEGData
360,P4n8WDm27eunDVnq7meH3M,/data/schirrmr/fiederer/nicebot/data,64,200,True,/data/schirrmr/fiederer/nicebot/results,rbf_svr,0.001,0,"'[8, 14]'",'*z',256,180,180,RobotEEGAux
361,sy5bktsaCGEStUXmUK3x3P,/data/schirrmr/fiederer/nicebot/data,64,200,True,/data/schirrmr/fiederer/nicebot/results,rbf_svr,0.001,0,"'[8, 14]'",'*z',256,180,180,RobotEEG
362,ohkR9Xjf3eDdWidPVH6vMM,/data/schirrmr/fiederer/nicebot/data,64,200,True,/data/schirrmr/fiederer/nicebot/results,rbf_svr,0.001,0,"'[8, 14]'",'*C*',256,180,180,onlyEEGData
363,r7Dvsu4X2gH2seRYwdLiqX,/data/schirrmr/fiederer/nicebot/data,64,200,True,/data/schirrmr/fiederer/nicebot/results,rbf_svr,0.001,0,"'[8, 14]'",'*C*',256,180,180,RobotEEGAux
364,2ea9ZsEhrKw4jGXf3yhBrY,/data/schirrmr/fiederer/nicebot/data,64,200,True,/data/schirrmr/fiederer/nicebot/results,rbf_svr,0.001,0,"'[8, 14]'",'*C*',256,180,180,RobotEEG
365,fY8rU6ikvoZsJdCnw6BeN5,/data/schirrmr/fiederer/nicebot/data,64,200,True,/data/schirrmr/fiederer/nicebot/results,rbf_svr,0.001,0,"'[14, 20]'",'*',256,180,180,onlyEEGData
366,Hvr9bDVCGyCVfNTMFZiD6g,/data/schirrmr/fiederer/nicebot/data,64,200,True,/data/schirrmr/fiederer/nicebot/results,rbf_svr,0.001,0,"'[14, 20]'",'*',256,180,180,RobotEEGAux
367,rcakzUBvqP4i9WC6nQUQyL,/data/schirrmr/fiederer/nicebot/data,64,200,True,/data/schirrmr/fiederer/nicebot/results,rbf_svr,0.001,0,"'[14, 20]'",'*',256,180,180,RobotEEG
368,m75QAZ6a2PW9XZk9g5dBvS,/data/schirrmr/fiederer/nicebot/data,64,200,True,/data/schirrmr/fiederer/nicebot/results,rbf_svr,0.001,0,"'[14, 20]'",'*z',256,180,180,onlyEEGData
369,aUFcsg78dPJ62rukAPkZsF,/data/schirrmr/fiederer/nicebot/data,64,200,True,/data/schirrmr/fiederer/nicebot/results,rbf_svr,0.001,0,"'[14, 20]'",'*z',256,180,180,RobotEEGAux
370,KwrREfz8Nb3SYRou3ZGQ9k,/data/schirrmr/fiederer/nicebot/data,64,200,True,/data/schirrmr/fiederer/nicebot/results,rbf_svr,0.001,0,"'[14, 20]'",'*z',256,180,180,RobotEEG
371,Ht5PuJvhYyzPYuUdUpzZHF,/data/schirrmr/fiederer/nicebot/data,64,200,True,/data/schirrmr/fiederer/nicebot/results,rbf_svr,0.001,0,"'[14, 20]'",'*C*',256,180,180,onlyEEGData
372,nk9hKXSv3UhX9fzu9piLbW,/data/schirrmr/fiederer/nicebot/data,64,200,True,/data/schirrmr/fiederer/nicebot/results,rbf_svr,0.001,0,"'[14, 20]'",'*C*',256,180,180,RobotEEGAux
373,SvH2jRDXpSBMXSQpggwiFC,/data/schirrmr/fiederer/nicebot/data,64,200,True,/data/schirrmr/fiederer/nicebot/results,rbf_svr,0.001,0,"'[14, 20]'",'*C*',256,180,180,RobotEEG
374,PsbGekvFaqPbxmWKiLh32J,/data/schirrmr/fiederer/nicebot/data,64,200,True,/data/schirrmr/fiederer/nicebot/results,rbf_svr,0.001,0,"'[20, 30]'",'*',256,180,180,onlyEEGData
375,6xyR7xcFb4Ad5GAqQs4WDY,/data/schirrmr/fiederer/nicebot/data,64,200,True,/data/schirrmr/fiederer/nicebot/results,rbf_svr,0.001,0,"'[20, 30]'",'*',256,180,180,RobotEEGAux
376,DDTmfeDDRcaw5Fe8iW55MV,/data/schirrmr/fiederer/nicebot/data,64,200,True,/data/schirrmr/fiederer/nicebot/results,rbf_svr,0.001,0,"'[20, 30]'",'*',256,180,180,RobotEEG
377,KseUEMjVVpidsMCvLyCHLD,/data/schirrmr/fiederer/nicebot/data,64,200,True,/data/schirrmr/fiederer/nicebot/results,rbf_svr,0.001,0,"'[20, 30]'",'*z',256,180,180,onlyEEGData
378,Xkyg6YGEDg8dhrxqSko4fJ,/data/schirrmr/fiederer/nicebot/data,64,200,True,/data/schirrmr/fiederer/nicebot/results,rbf_svr,0.001,0,"'[20, 30]'",'*z',256,180,180,RobotEEGAux
379,UpraK2a6xfFGn6KninmbYG,/data/schirrmr/fiederer/nicebot/data,64,200,True,/data/schirrmr/fiederer/nicebot/results,rbf_svr,0.001,0,"'[20, 30]'",'*z',256,180,180,RobotEEG
380,rC3Yk3ovjRigkiuCovDtr2,/data/schirrmr/fiederer/nicebot/data,64,200,True,/data/schirrmr/fiederer/nicebot/results,rbf_svr,0.001,0,"'[20, 30]'",'*C*',256,180,180,onlyEEGData
381,2NTfvFA9pmEzk285bwZr9m,/data/schirrmr/fiederer/nicebot/data,64,200,True,/data/schirrmr/fiederer/nicebot/results,rbf_svr,0.001,0,"'[20, 30]'",'*C*',256,180,180,RobotEEGAux
382,n8XgTH3nApAJJh7mTKpAZb,/data/schirrmr/fiederer/nicebot/data,64,200,True,/data/schirrmr/fiederer/nicebot/results,rbf_svr,0.001,0,"'[20, 30]'",'*C*',256,180,180,RobotEEG
383,mYjpWbMW2kFY7fqduDCWMV,/data/schirrmr/fiederer/nicebot/data,64,200,True,/data/schirrmr/fiederer/nicebot/results,rbf_svr,0.001,0,"'[30, 40]'",'*',256,180,180,onlyEEGData
384,hwicQt9D3dF9Zhf47HWs2F,/data/schirrmr/fiederer/nicebot/data,64,200,True,/data/schirrmr/fiederer/nicebot/results,rbf_svr,0.001,0,"'[30, 40]'",'*',256,180,180,RobotEEGAux
385,T9ATmz7pe6WYyuMoJKGxKc,/data/schirrmr/fiederer/nicebot/data,64,200,True,/data/schirrmr/fiederer/nicebot/results,rbf_svr,0.001,0,"'[30, 40]'",'*',256,180,180,RobotEEG
386,WqqrP9uQ3mC29W4ggJwnsG,/data/schirrmr/fiederer/nicebot/data,64,200,True,/data/schirrmr/fiederer/nicebot/results,rbf_svr,0.001,0,"'[30, 40]'",'*z',256,180,180,onlyEEGData
387,vUQzsjA5NeVxxT2xUU7NN4,/data/schirrmr/fiederer/nicebot/data,64,200,True,/data/schirrmr/fiederer/nicebot/results,rbf_svr,0.001,0,"'[30, 40]'",'*z',256,180,180,RobotEEGAux
388,eraEg2SRUTFcgn5VjLk7QV,/data/schirrmr/fiederer/nicebot/data,64,200,True,/data/schirrmr/fiederer/nicebot/results,rbf_svr,0.001,0,"'[30, 40]'",'*z',256,180,180,RobotEEG
389,kFZ2rQpvtvGBKwT3wEPfL7,/data/schirrmr/fiederer/nicebot/data,64,200,True,/data/schirrmr/fiederer/nicebot/results,rbf_svr,0.001,0,"'[30, 40]'",'*C*',256,180,180,onlyEEGData
390,y9tiUhfwyrtwyemoXuiBKK,/data/schirrmr/fiederer/nicebot/data,64,200,True,/data/schirrmr/fiederer/nicebot/results,rbf_svr,0.001,0,"'[30, 40]'",'*C*',256,180,180,RobotEEGAux
391,JadKfp5JyxFnruZojsxQMX,/data/schirrmr/fiederer/nicebot/data,64,200,True,/data/schirrmr/fiederer/nicebot/results,rbf_svr,0.001,0,"'[30, 40]'",'*C*',256,180,180,RobotEEG
392,EHSKnwMCNm57EULqTgyrzF,/data/schirrmr/fiederer/nicebot/data,64,200,True,/data/schirrmr/fiederer/nicebot/results,rf_reg,0.001,0,"'[None, None]'",'*',256,180,180,onlyEEGData
393,b9bJTVETvFWdomfXc5zx7Z,/data/schirrmr/fiederer/nicebot/data,64,200,True,/data/schirrmr/fiederer/nicebot/results,rf_reg,0.001,0,"'[None, None]'",'*',256,180,180,RobotEEGAux
394,UT7fugsnr7ziQQNBbM4StF,/data/schirrmr/fiederer/nicebot/data,64,200,True,/data/schirrmr/fiederer/nicebot/results,rf_reg,0.001,0,"'[None, None]'",'*',256,180,180,RobotEEG
395,4isnzDWSCufHEAsMAZqq4L,/data/schirrmr/fiederer/nicebot/data,64,200,True,/data/schirrmr/fiederer/nicebot/results,rf_reg,0.001,0,"'[None, None]'",'*z',256,180,180,onlyEEGData
396,S6jCoifhjwjWJAPhE3jkjC,/data/schirrmr/fiederer/nicebot/data,64,200,True,/data/schirrmr/fiederer/nicebot/results,rf_reg,0.001,0,"'[None, None]'",'*z',256,180,180,RobotEEGAux
397,2ZZxX6bw6CvB49X6WhhYc4,/data/schirrmr/fiederer/nicebot/data,64,200,True,/data/schirrmr/fiederer/nicebot/results,rf_reg,0.001,0,"'[None, None]'",'*z',256,180,180,RobotEEG
398,pFyKuTfKVMxobg8GuPzXNB,/data/schirrmr/fiederer/nicebot/data,64,200,True,/data/schirrmr/fiederer/nicebot/results,rf_reg,0.001,0,"'[None, None]'",'*C*',256,180,180,onlyEEGData
399,Q57bqqYcTUvScVmqbCasmB,/data/schirrmr/fiederer/nicebot/data,64,200,True,/data/schirrmr/fiederer/nicebot/results,rf_reg,0.001,0,"'[None, None]'",'*C*',256,180,180,RobotEEGAux
400,oVVym676vqKuW2UMLU8EvU,/data/schirrmr/fiederer/nicebot/data,64,200,True,/data/schirrmr/fiederer/nicebot/results,rf_reg,0.001,0,"'[None, None]'",'*C*',256,180,180,RobotEEG
401,GwH4NahdXAybsoaDTmsMv2,/data/schirrmr/fiederer/nicebot/data,64,200,True,/data/schirrmr/fiederer/nicebot/results,rf_reg,0.001,0,"'[0, 4]'",'*',256,180,180,onlyEEGData
402,9rikLPFKvXATm65crXf5KF,/data/schirrmr/fiederer/nicebot/data,64,200,True,/data/schirrmr/fiederer/nicebot/results,rf_reg,0.001,0,"'[0, 4]'",'*',256,180,180,RobotEEGAux
403,F8f7DjEtsfUoCmNKMVp5bT,/data/schirrmr/fiederer/nicebot/data,64,200,True,/data/schirrmr/fiederer/nicebot/results,rf_reg,0.001,0,"'[0, 4]'",'*',256,180,180,RobotEEG
404,XizCoWX3DVFAwduHg9v9E8,/data/schirrmr/fiederer/nicebot/data,64,200,True,/data/schirrmr/fiederer/nicebot/results,rf_reg,0.001,0,"'[0, 4]'",'*z',256,180,180,onlyEEGData
405,vY46NiuotrurY4PQ95eQLH,/data/schirrmr/fiederer/nicebot/data,64,200,True,/data/schirrmr/fiederer/nicebot/results,rf_reg,0.001,0,"'[0, 4]'",'*z',256,180,180,RobotEEGAux
406,49XtDjabJQuqfpR338ppqW,/data/schirrmr/fiederer/nicebot/data,64,200,True,/data/schirrmr/fiederer/nicebot/results,rf_reg,0.001,0,"'[0, 4]'",'*z',256,180,180,RobotEEG
407,XD9Nn8zV6DxoxMCcrxttm6,/data/schirrmr/fiederer/nicebot/data,64,200,True,/data/schirrmr/fiederer/nicebot/results,rf_reg,0.001,0,"'[0, 4]'",'*C*',256,180,180,onlyEEGData
408,fTuhtcEPu9ZoVDhYYXaGEk,/data/schirrmr/fiederer/nicebot/data,64,200,True,/data/schirrmr/fiederer/nicebot/results,rf_reg,0.001,0,"'[0, 4]'",'*C*',256,180,180,RobotEEGAux
409,4NSFSxkXHZT8Cey2jrx6fM,/data/schirrmr/fiederer/nicebot/data,64,200,True,/data/schirrmr/fiederer/nicebot/results,rf_reg,0.001,0,"'[0, 4]'",'*C*',256,180,180,RobotEEG
410,A6gLUPEXAqRCgkiEY2FWzH,/data/schirrmr/fiederer/nicebot/data,64,200,True,/data/schirrmr/fiederer/nicebot/results,rf_reg,0.001,0,"'[4, 8]'",'*',256,180,180,onlyEEGData
411,asGMj369PTtEaodmd4yyDF,/data/schirrmr/fiederer/nicebot/data,64,200,True,/data/schirrmr/fiederer/nicebot/results,rf_reg,0.001,0,"'[4, 8]'",'*',256,180,180,RobotEEGAux
412,HELzEXxGpxasdSqwrk9PSg,/data/schirrmr/fiederer/nicebot/data,64,200,True,/data/schirrmr/fiederer/nicebot/results,rf_reg,0.001,0,"'[4, 8]'",'*',256,180,180,RobotEEG
413,LxCkmVNp9BrYXaipaajEuY,/data/schirrmr/fiederer/nicebot/data,64,200,True,/data/schirrmr/fiederer/nicebot/results,rf_reg,0.001,0,"'[4, 8]'",'*z',256,180,180,onlyEEGData
414,5hA8sG4UMQky7nRDaesK87,/data/schirrmr/fiederer/nicebot/data,64,200,True,/data/schirrmr/fiederer/nicebot/results,rf_reg,0.001,0,"'[4, 8]'",'*z',256,180,180,RobotEEGAux
415,dC5qHHusuumP47gEoQJtij,/data/schirrmr/fiederer/nicebot/data,64,200,True,/data/schirrmr/fiederer/nicebot/results,rf_reg,0.001,0,"'[4, 8]'",'*z',256,180,180,RobotEEG
416,JcNmz8vEYBkhvTBswJaSLW,/data/schirrmr/fiederer/nicebot/data,64,200,True,/data/schirrmr/fiederer/nicebot/results,rf_reg,0.001,0,"'[4, 8]'",'*C*',256,180,180,onlyEEGData
417,kxiRVehTcCs4JexL655Wxk,/data/schirrmr/fiederer/nicebot/data,64,200,True,/data/schirrmr/fiederer/nicebot/results,rf_reg,0.001,0,"'[4, 8]'",'*C*',256,180,180,RobotEEGAux
418,agnMMjvRt6AESc9jAaPV2X,/data/schirrmr/fiederer/nicebot/data,64,200,True,/data/schirrmr/fiederer/nicebot/results,rf_reg,0.001,0,"'[4, 8]'",'*C*',256,180,180,RobotEEG
419,JeBBZguFWu66t7EmtAdB3a,/data/schirrmr/fiederer/nicebot/data,64,200,True,/data/schirrmr/fiederer/nicebot/results,rf_reg,0.001,0,"'[8, 14]'",'*',256,180,180,onlyEEGData
420,7RXQwnUmGU9CvzJ67Xzy8B,/data/schirrmr/fiederer/nicebot/data,64,200,True,/data/schirrmr/fiederer/nicebot/results,rf_reg,0.001,0,"'[8, 14]'",'*',256,180,180,RobotEEGAux
421,hwWZ3PQ3pVKqNvy3z4dWRH,/data/schirrmr/fiederer/nicebot/data,64,200,True,/data/schirrmr/fiederer/nicebot/results,rf_reg,0.001,0,"'[8, 14]'",'*',256,180,180,RobotEEG
422,dr8ZEZ2hDoDCdbduHvD2dc,/data/schirrmr/fiederer/nicebot/data,64,200,True,/data/schirrmr/fiederer/nicebot/results,rf_reg,0.001,0,"'[8, 14]'",'*z',256,180,180,onlyEEGData
423,cukzGP7WwVQyrsJg4Huijh,/data/schirrmr/fiederer/nicebot/data,64,200,True,/data/schirrmr/fiederer/nicebot/results,rf_reg,0.001,0,"'[8, 14]'",'*z',256,180,180,RobotEEGAux
424,sqYvty7Zd6oqrPTpE5F8eV,/data/schirrmr/fiederer/nicebot/data,64,200,True,/data/schirrmr/fiederer/nicebot/results,rf_reg,0.001,0,"'[8, 14]'",'*z',256,180,180,RobotEEG
425,2vZt5HEdk56mx58WcLSpwQ,/data/schirrmr/fiederer/nicebot/data,64,200,True,/data/schirrmr/fiederer/nicebot/results,rf_reg,0.001,0,"'[8, 14]'",'*C*',256,180,180,onlyEEGData
426,LXk58TMHX4wYXyFYLoKGw3,/data/schirrmr/fiederer/nicebot/data,64,200,True,/data/schirrmr/fiederer/nicebot/results,rf_reg,0.001,0,"'[8, 14]'",'*C*',256,180,180,RobotEEGAux
427,zWFe9GNuUaH3QNgu9m6yMH,/data/schirrmr/fiederer/nicebot/data,64,200,True,/data/schirrmr/fiederer/nicebot/results,rf_reg,0.001,0,"'[8, 14]'",'*C*',256,180,180,RobotEEG
428,LjfWm6fKdFPsjUQLsUA95H,/data/schirrmr/fiederer/nicebot/data,64,200,True,/data/schirrmr/fiederer/nicebot/results,rf_reg,0.001,0,"'[14, 20]'",'*',256,180,180,onlyEEGData
429,whgLueHYAAnb4QjuhDQBZb,/data/schirrmr/fiederer/nicebot/data,64,200,True,/data/schirrmr/fiederer/nicebot/results,rf_reg,0.001,0,"'[14, 20]'",'*',256,180,180,RobotEEGAux
430,oRn78P6xvLBcNozUaWL5u7,/data/schirrmr/fiederer/nicebot/data,64,200,True,/data/schirrmr/fiederer/nicebot/results,rf_reg,0.001,0,"'[14, 20]'",'*',256,180,180,RobotEEG
431,MqZ3EuAATcvQEQUXiXqJiF,/data/schirrmr/fiederer/nicebot/data,64,200,True,/data/schirrmr/fiederer/nicebot/results,rf_reg,0.001,0,"'[14, 20]'",'*z',256,180,180,onlyEEGData
432,sYaXuhFaX6cN4aaiZfqGEd,/data/schirrmr/fiederer/nicebot/data,64,200,True,/data/schirrmr/fiederer/nicebot/results,rf_reg,0.001,0,"'[14, 20]'",'*z',256,180,180,RobotEEGAux
433,irYcsUU9Np4wmsvRp9NEge,/data/schirrmr/fiederer/nicebot/data,64,200,True,/data/schirrmr/fiederer/nicebot/results,rf_reg,0.001,0,"'[14, 20]'",'*z',256,180,180,RobotEEG
434,CK2cPyUmJNhPfCPJoVmXX4,/data/schirrmr/fiederer/nicebot/data,64,200,True,/data/schirrmr/fiederer/nicebot/results,rf_reg,0.001,0,"'[14, 20]'",'*C*',256,180,180,onlyEEGData
435,3Bu7UV7xaTUMDz4rrV4qkJ,/data/schirrmr/fiederer/nicebot/data,64,200,True,/data/schirrmr/fiederer/nicebot/results,rf_reg,0.001,0,"'[14, 20]'",'*C*',256,180,180,RobotEEGAux
436,KVrvSQG2rHhKCk5Ls6Yo33,/data/schirrmr/fiederer/nicebot/data,64,200,True,/data/schirrmr/fiederer/nicebot/results,rf_reg,0.001,0,"'[14, 20]'",'*C*',256,180,180,RobotEEG
437,gADE9Dg9w2zeZ3P3j6PanM,/data/schirrmr/fiederer/nicebot/data,64,200,True,/data/schirrmr/fiederer/nicebot/results,rf_reg,0.001,0,"'[20, 30]'",'*',256,180,180,onlyEEGData
438,btmpRftdf7iUdbA3t4gPGX,/data/schirrmr/fiederer/nicebot/data,64,200,True,/data/schirrmr/fiederer/nicebot/results,rf_reg,0.001,0,"'[20, 30]'",'*',256,180,180,RobotEEGAux
439,L4R6LssVTgvbvEw3AbyZX7,/data/schirrmr/fiederer/nicebot/data,64,200,True,/data/schirrmr/fiederer/nicebot/results,rf_reg,0.001,0,"'[20, 30]'",'*',256,180,180,RobotEEG
440,n5J9BzoXqvpQynozXcSCh3,/data/schirrmr/fiederer/nicebot/data,64,200,True,/data/schirrmr/fiederer/nicebot/results,rf_reg,0.001,0,"'[20, 30]'",'*z',256,180,180,onlyEEGData
441,MUnhxVMXd8DRPMmLXahW8m,/data/schirrmr/fiederer/nicebot/data,64,200,True,/data/schirrmr/fiederer/nicebot/results,rf_reg,0.001,0,"'[20, 30]'",'*z',256,180,180,RobotEEGAux
442,tsucboK2M5DrXSwvK8e9WA,/data/schirrmr/fiederer/nicebot/data,64,200,True,/data/schirrmr/fiederer/nicebot/results,rf_reg,0.001,0,"'[20, 30]'",'*z',256,180,180,RobotEEG
443,uZnRDcFmiUN3GPStgHMeyZ,/data/schirrmr/fiederer/nicebot/data,64,200,True,/data/schirrmr/fiederer/nicebot/results,rf_reg,0.001,0,"'[20, 30]'",'*C*',256,180,180,onlyEEGData
444,CjHC3X9fUbNCvBQwciNemY,/data/schirrmr/fiederer/nicebot/data,64,200,True,/data/schirrmr/fiederer/nicebot/results,rf_reg,0.001,0,"'[20, 30]'",'*C*',256,180,180,RobotEEGAux
445,k8gtcVqCCwFPjntNMjojB3,/data/schirrmr/fiederer/nicebot/data,64,200,True,/data/schirrmr/fiederer/nicebot/results,rf_reg,0.001,0,"'[20, 30]'",'*C*',256,180,180,RobotEEG
446,XSv7NjCCYhaTwGGn9gdr9S,/data/schirrmr/fiederer/nicebot/data,64,200,True,/data/schirrmr/fiederer/nicebot/results,rf_reg,0.001,0,"'[30, 40]'",'*',256,180,180,onlyEEGData
447,7aYCUoMeKrvqSVQnz7ZUo2,/data/schirrmr/fiederer/nicebot/data,64,200,True,/data/schirrmr/fiederer/nicebot/results,rf_reg,0.001,0,"'[30, 40]'",'*',256,180,180,RobotEEGAux
448,dgQatMSZ4s3meEtGwdvndC,/data/schirrmr/fiederer/nicebot/data,64,200,True,/data/schirrmr/fiederer/nicebot/results,rf_reg,0.001,0,"'[30, 40]'",'*',256,180,180,RobotEEG
449,meQEazDQsnpNH9KtbPuUng,/data/schirrmr/fiederer/nicebot/data,64,200,True,/data/schirrmr/fiederer/nicebot/results,rf_reg,0.001,0,"'[30, 40]'",'*z',256,180,180,onlyEEGData
450,RQbtD2bUcyRmH2AKrvpCQ8,/data/schirrmr/fiederer/nicebot/data,64,200,True,/data/schirrmr/fiederer/nicebot/results,rf_reg,0.001,0,"'[30, 40]'",'*z',256,180,180,RobotEEGAux
451,pbSmguXUmyJpZhhkYviULM,/data/schirrmr/fiederer/nicebot/data,64,200,True,/data/schirrmr/fiederer/nicebot/results,rf_reg,0.001,0,"'[30, 40]'",'*z',256,180,180,RobotEEG
452,SnemimGwXzU9ewr2syNz6H,/data/schirrmr/fiederer/nicebot/data,64,200,True,/data/schirrmr/fiederer/nicebot/results,rf_reg,0.001,0,"'[30, 40]'",'*C*',256,180,180,onlyEEGData
453,GuAPzPvF3iNJA39LB99QLP,/data/schirrmr/fiederer/nicebot/data,64,200,True,/data/schirrmr/fiederer/nicebot/results,rf_reg,0.001,0,"'[30, 40]'",'*C*',256,180,180,RobotEEGAux
454,gG3eTKSGBMDabeukAKvVMb,/data/schirrmr/fiederer/nicebot/data,64,200,True,/data/schirrmr/fiederer/nicebot/results,rf_reg,0.001,0,"'[30, 40]'",'*C*',256,180,180,RobotEEG
